Food_ID,Food_Name_English,Scientific_Name,Local_Names,Food_Group,Form,Edible_Portion_g_per_100g,Moisture_g,Energy_kcal,Energy_kJ,Protein_g,Total_Fat_g,Saturated_Fat_g,MUFA_g,PUFA_g,Carbohydrate_g,Total_Dietary_Fiber_g,Sugars_g,Ash_g,Vitamin_A_RAE_碌g,Vitamin_C_mg,Thiamin_B1_mg,Riboflavin_B2_mg,Niacin_B3_mg,Vitamin_B6_mg,Folate_碌g,Vitamin_B12_碌g,Vitamin_D_碌g,Vitamin_E_mg,Vitamin_K_碌g,Calcium_mg,Iron_mg,Zinc_mg,Magnesium_mg,Phosphorus_mg,Potassium_mg,Sodium_mg,Copper_mg,Manganese_mg,Selenium_碌g,Cholesterol_mg,Source_Country,Reference,Notes
SL001,Kekulu Rice (White Raw),Oryza sativa,Kekulu haal (Si); Pachcharisi (Ta),Cereals,Raw,100,11.8,357,1494,7.1,0.6,0.17,0.19,0.21,79.5,0.6,0.2,1,0,0,0.08,0.02,1.9,0.16,11,0,0,0.07,0.3,9,0.9,1.7,26,114,83,3,0.21,1.09,9.8,0,Sri Lanka,SL FCT 2021; 2025 Sri Lanka FCT paper,Short-grain white milled rice; major Sri Lankan staple
SL002,Red Raw Rice,Oryza sativa,Rathu kekulu (Si); Sigappu arisi (Ta),Cereals,Raw,100,12.2,345,1443,7.5,2,0.55,0.72,0.6,73.8,3.2,0.4,1.3,0,0,0.35,0.04,4.3,0.35,20,0,0,0.72,1.8,14,2.2,2.1,110,257,214,6,0.26,3.21,15.2,0,Sri Lanka,SL FCT 2021; 2025 Sri Lanka FCT paper,Whole-grain red rice; high Mn and Mg; traditional variety
SL003,Samba Rice (White),Oryza sativa,Samba (Si/Ta),Cereals,Raw,100,12.5,352,1473,7,0.5,0.14,0.16,0.18,78.8,0.5,0.2,1,0,0,0.07,0.02,1.8,0.14,9,0,0,0.06,0.2,8,0.8,1.6,24,108,78,2,0.19,0.98,8.5,0,Sri Lanka,SL FCT 2021,Short fragrant Sri Lankan variety; popular for kiribath
SL004,Nadu Rice (White Milled),Oryza sativa,Nadu (Si/Ta),Cereals,Raw,100,11.9,358,1498,7.2,0.6,0.16,0.18,0.2,79.2,0.6,0.2,1,0,0,0.08,0.02,1.9,0.15,10,0,0,0.07,0.3,9,0.9,1.7,25,112,80,3,0.2,1.05,9,0,Sri Lanka,SL FCT 2021,Long-grain milled white rice variety
SL005,Parboiled Rice (White),Oryza sativa,Suduru samba parboiled (Si); Puzhungal arisi (Ta),Cereals,Raw,100,12.1,354,1481,7.4,0.7,0.19,0.22,0.23,78.4,0.7,0.3,1.1,0,0,0.21,0.03,3.1,0.28,15,0,0,0.11,0.5,12,1,1.9,35,138,110,4,0.22,1.5,11.2,0,Sri Lanka,SL FCT 2021; 2025 Sri Lanka FCT paper,Parboiling retains more B vitamins; widely consumed
SL006,Red Parboiled Rice,Oryza sativa,Rathu parboiled (Si),Cereals,Raw,100,12.3,342,1430,7.8,2.1,0.58,0.75,0.63,73,3.5,0.5,1.4,0,0,0.38,0.05,4.5,0.38,22,0,0,0.8,2,16,2.4,2.3,115,265,220,7,0.28,3.4,16,0,Sri Lanka,SL FCT 2021,Whole-grain parboiled red rice; highest fiber among Sri Lankan rices
SL007,Rice (White Cooked),Oryza sativa,Buth (Si); Sadam (Ta),Cereals,Cooked-Boiled,100,68.2,130,544,2.7,0.3,0.08,0.09,0.1,28.6,0.3,0.1,0.2,0,0,0.02,0.01,0.5,0.05,3,0,0,0.01,0,3,0.2,0.5,9,37,29,1,0.06,0.35,3.1,0,Sri Lanka,SL FCT 2021,Boiled white rice; water uptake approx 2x raw weight
SL008,Red Rice (Cooked),Oryza sativa,Rathu buth (Si),Cereals,Cooked-Boiled,100,64.5,137,573,3,0.8,0.22,0.29,0.24,29.5,1.3,0.2,0.5,0,0,0.14,0.02,1.7,0.14,8,0,0,0.29,0.7,6,0.9,0.8,44,103,86,2,0.1,1.28,6.1,0,Sri Lanka,SL FCT 2021,Boiled whole-grain red rice; retains fiber
SL009,Milk Rice (Kiribath),Oryza sativa,Kiribath (Si); Paal sadam (Ta),Cereals,Cooked-Recipe,100,54.2,195,816,4.1,6.8,5.8,0.52,0.18,33.5,0.4,1.8,0.5,4,0,0.04,0.05,0.7,0.07,4,0.1,0,0.09,0.2,14,0.4,0.7,13,48,65,42,0.09,0.45,4.2,3,Sri Lanka,2025 Sri Lanka FCT paper; SL FCT 2021,Traditional dish: samba rice in coconut milk; auspicious food for new year
SL010,String Hoppers (Indi Appa),Oryza sativa,Indi appa (Si/Ta),Cereals,Cooked-Recipe,100,60.1,162,678,3.6,0.8,0.35,0.24,0.14,34.5,0.7,0.5,0.3,0,0,0.05,0.03,0.7,0.06,5,0,0,0.03,0.1,8,0.6,0.8,14,52,48,28,0.1,0.38,3.8,0,Sri Lanka,2025 Sri Lanka FCT paper,Steamed rice-flour noodle discs; staple breakfast item
SL011,Hoppers (Appa/Appam),Oryza sativa,Appa (Si); Appam (Ta),Cereals,Cooked-Recipe,100,53.8,185,774,4.2,2.5,2.1,0.22,0.08,38,0.6,2.5,0.5,1,0,0.04,0.04,0.6,0.05,4,0.1,0,0.06,0.2,10,0.5,0.7,12,50,58,62,0.08,0.35,3.5,1,Sri Lanka,2025 Sri Lanka FCT paper,Fermented rice-flour bowl-shaped pancake with coconut milk
SL012,Pittu,Oryza sativa,Pittu (Si/Ta),Cereals,Cooked-Recipe,100,45.2,220,920,4.8,5.5,4.7,0.45,0.16,42,1.5,1.2,0.8,2,0,0.04,0.04,0.9,0.07,5,0,0,0.05,0.2,12,0.8,0.9,20,60,85,32,0.12,0.48,4,0,Sri Lanka,2025 Sri Lanka FCT paper,Steamed rice-flour and coconut cylinder; breakfast/dinner staple
SL013,Kottu Roti,Triticum aestivum,Kottu roti (Si/Ta),Cereals,Cooked-Recipe,100,52.5,198,828,8.2,7.5,2.8,2.85,1.2,28.8,1.9,2.2,1.5,45,2.8,0.1,0.12,2.5,0.18,22,0.3,0.2,0.55,8.5,58,2.1,1.2,28,118,195,420,0.12,0.52,6.8,38,Sri Lanka,2025 Sri Lanka FCT paper,Chopped roti stir-fried with egg vegetables spices; popular street food
SL014,Wheat Flour Roti,Triticum aestivum,Roti (Si/Ta); Chapathi (Si),Cereals,Cooked-Recipe,100,34.5,258,1080,8.5,3.8,0.58,1.55,1.28,49.5,3.8,1.2,1.2,2,0,0.18,0.09,2,0.14,22,0,0,0.36,1.2,32,2,1.3,62,152,195,255,0.2,1.42,30.5,0,Sri Lanka,SL FCT 2021,Plain wheat flour roti without oil; common breakfast
SL015,Godamba Roti,Triticum aestivum,Godamba roti (Si/Ta),Cereals,Cooked-Recipe,100,28.2,305,1276,7.8,8.5,3.65,3.2,0.95,53,1.8,2,1.2,2,0,0.12,0.07,1.5,0.1,15,0,0,0.3,1.5,28,1.5,0.9,20,95,125,350,0.15,0.88,25.8,0,Sri Lanka,SL FCT 2021,Flaky Sri Lankan roti made with coconut oil; street food
SL016,Thosai (Sri Lankan Dosa),Oryza sativa / Vigna mungo,Thosai (Ta/Si),Cereals,Cooked-Recipe,100,49.5,168,703,5.5,2.2,0.38,0.78,0.88,36.5,1.1,0.8,0.8,0,0,0.05,0.04,0.6,0.06,12,0,0,0.08,0.5,18,0.7,0.8,16,68,78,210,0.09,0.4,5.2,0,Sri Lanka,SL FCT 2021,Fermented rice-lentil crepe; common Sri Lankan breakfast
SL017,Rice Flour (White),Oryza sativa,Haal piti (Si); Arisi maavu (Ta),Cereals,Raw,100,11.5,362,1515,6,0.6,0.15,0.18,0.2,80.5,2.4,0.1,1,0,0,0.14,0.02,2.6,0.19,4,0,0,0.08,0,10,0.4,1.1,35,98,76,0,0.18,1.1,15.1,0,Sri Lanka,SL FCT 2021,Milled white rice flour; used in string hoppers and pittu
SL018,Kurakkan Roti (Finger Millet),Eleusine coracana,Kurakkan roti (Si); Kelvaragu roti (Ta),Cereals,Cooked-Recipe,100,36.2,218,912,4.8,2.5,1.12,0.78,0.42,50.5,5.5,0.8,1.2,0,0,0.25,0.1,0.6,0.03,10,0,0,0.03,0.3,158,2.2,1.2,68,132,192,8,0.22,2.55,1.5,0,Sri Lanka,SL FCT 2021,Finger millet flatbread; high calcium and fiber; traditional Sri Lankan
SL019,Wandu Appa (Wheat Hopper),Triticum aestivum,Wandu appa (Si),Cereals,Cooked-Recipe,100,48.2,195,816,6.2,4.2,1.85,1.55,0.52,38.5,1.2,3.5,0.8,2,0,0.08,0.06,0.9,0.08,10,0.1,0,0.15,1.2,18,0.8,0.6,12,62,85,145,0.1,0.42,5.5,5,Sri Lanka,SL FCT 2021,Wheat flour hopper variant; slightly different from rice hopper
IN001,Basmati Rice (Raw),Oryza sativa,Basmati chawal (Hi); Basmati (various),Cereals,Raw,100,11.9,349,1460,8.5,0.7,0.2,0.24,0.22,78.3,0.4,0.2,1.1,0,0,0.07,0.02,1.8,0.15,9,0,0,0.08,0.4,8,0.8,1.8,28,120,90,4,0.18,1.15,10.5,0,India,IFCT 2017,Long-grain aromatic rice; lower glycemic index than regular white rice
IN002,Rice (Brown Raw),Oryza sativa,Bhura chawal (Hi),Cereals,Raw,100,12,341,1427,7.9,2.7,0.55,0.99,0.96,73,3.5,0.7,1.4,0,0,0.41,0.09,4.9,0.51,20,0,0,0.83,2,23,1.8,2,143,264,264,7,0.28,3.55,19.4,0,India,IFCT 2017,Whole-grain brown rice; high Mn Mg P and dietary fiber
IN003,Wheat Whole Grain,Triticum aestivum,Gehun (Hi); Godhambu (Ta),Cereals,Raw,100,12.8,339,1419,11.8,1.5,0.26,0.22,0.65,69.4,11.2,0.4,1.7,0,0,0.46,0.17,4.6,0.42,41,0,0,1.01,1.9,48,5,2.9,144,306,363,2,0.43,3.99,70.7,0,India,IFCT 2017,Whole wheat; high fiber folate iron zinc; staple
IN004,Wheat Flour Refined (Maida),Triticum aestivum,Maida (Hi/Ta/Si),Cereals,Raw,100,13.2,348,1456,10,0.9,0.14,0.12,0.39,74.6,2.7,0.3,0.5,0,0,0.1,0.06,0.9,0.06,18,0,0,0.14,0.2,23,2.1,0.7,19,108,149,2,0.13,0.78,26.2,0,India,IFCT 2017,Refined wheat flour; low fiber versus whole wheat
IN005,Ragi / Finger Millet,Eleusine coracana,Ragi (Ka/Te); Kelvaragu (Ta); Kurakkan (Si),Cereals,Raw,100,13.1,328,1372,7.3,1.5,0.29,0.46,0.54,72,11.5,1.5,2.6,0,0,0.42,0.19,1.1,0.05,18,0,0,0.05,0.6,344,3.9,2.5,146,283,408,11,0.47,5.49,2.8,0,India,IFCT 2017,Exceptionally high calcium (344 mg); high fiber; gluten-free
IN006,Pearl Millet / Bajra,Pennisetum glaucum,Bajra (Hi); Kambu (Ta); Sajje (Ka),Cereals,Raw,100,11.1,361,1510,10.6,5,0.93,1.83,1.97,67.5,1.3,0.7,1.9,5,0,0.38,0.21,2.8,0.38,45,0,0,0.09,1,42,8,3.1,137,296,307,10,1.06,1.55,2.7,0,India,IFCT 2017,High iron (8 mg) and zinc; drought-resistant crop
IN007,Sorghum / Jowar,Sorghum bicolor,Jowar (Hi); Cholam (Ta); Jola (Ka),Cereals,Raw,100,11.2,349,1460,10.4,1.9,0.36,0.73,0.68,70.7,6.7,0.9,1.6,5,0,0.37,0.15,3.1,0.44,20,0,0,0.49,0.9,25,4.1,1.6,165,287,350,5,0.28,1.59,4,0,India,IFCT 2017,Gluten-free grain; high fiber and tannins
IN008,Foxtail Millet,Setaria italica,Thinai (Ta); Navane (Ka); Korralu (Te),Cereals,Raw,100,12.5,331,1385,12.3,4.3,0.67,1.58,1.67,63.2,8,1.1,3.3,0,0,0.59,0.11,3.2,0.24,15,0,0,0.29,4,31,2.8,2.4,81,290,250,4,0.62,1.42,2.3,0,India,IFCT 2017,High-protein millet; good amino-acid profile
IN009,Oats (Rolled),Avena sativa,Jai (Hi); Oats (various),Cereals,Raw,100,8.2,379,1586,13.2,6.9,1.22,2.18,2.54,66.3,10.1,1,1.7,0,0,0.76,0.14,1,0.12,56,0,0,0.42,2,54,4.7,3.9,177,523,429,2,0.63,3.63,28.9,0,India,IFCT 2017,High beta-glucan fiber; cholesterol-lowering
IN010,Maize Dry,Zea mays,Makka jowar (Hi); Makka cholam (Ta),Cereals,Raw,100,12.2,342,1431,8.8,3.5,0.49,0.94,1.64,73,2.7,3.2,1.2,17,0,0.38,0.2,3.6,0.62,19,0,0,0.49,0.3,10,2.7,2.3,127,348,315,35,0.31,0.49,15.4,0,India,IFCT 2017,Dry maize; high carotenoids as provitamin A
IN011,Corn / Maize Fresh,Zea mays,Makki (Hi); Cholam (Ta); Mais (Si),Cereals,Raw,100,76.9,86,360,3.2,1.2,0.18,0.35,0.56,18.7,2,6.3,0.6,9,6.8,0.2,0.06,1.8,0.09,42,0,0,0.07,0.3,2,0.5,0.5,37,89,270,15,0.06,0.16,0.6,0,Both,IFCT 2017,Sweet corn cob; much higher moisture than dry maize
IN012,Little Millet,Panicum sumatrense,Kutki (Hi); Samai (Ta),Cereals,Raw,100,11.5,341,1427,9.7,3.9,0.6,1.42,1.55,67,7.7,0.9,3.4,0,0,0.3,0.09,3.2,0.27,12,0,0,0.2,2.1,17,9.3,2.1,120,280,330,3,0.74,1.55,2.4,0,India,IFCT 2017,Highest iron among millets (9.3 mg); gluten-free
IN013,Barnyard Millet,Echinochloa frumentacea,Sanwa (Hi); Kuthiraivali (Ta),Cereals,Raw,100,11.2,299,1251,11.2,3.6,0.58,1.3,1.41,65.5,13.6,1.2,3.8,0,0,0.33,0.1,4.2,0.18,45,0,0,0.04,0.9,20,15.2,3,82,281,212,6,0.62,1.69,2.5,0,India,IFCT 2017,Highest dietary fiber millet; exceptional iron (15.2 mg)
IN180,Poha / Flattened Rice,Oryza sativa,Poha (Hi); Aval (Ta),Cereals,Raw,100,11.5,346,1448,7.8,1.2,0.32,0.43,0.37,78.8,1.6,0.8,1.4,0,0,0.06,0.06,4.1,0.2,16,0,0,0.1,0.5,14,1.4,1.2,34,134,130,8,0.26,1.6,8.5,0,India,IFCT 2017,Flattened beaten rice; quick-cooking; popular breakfast base
IN181,Semolina / Sooji,Triticum durum,Sooji/Rava (Hi); Ravai (Ta),Cereals,Raw,100,12.7,360,1506,12.7,1,0.14,0.13,0.44,72.8,3.9,0.4,0.8,0,0,0.28,0.08,2.8,0.1,72,0,0,0.32,0.6,17,4.4,1.4,47,136,186,1,0.26,0.62,52.6,0,India,IFCT 2017,Durum wheat semolina; high selenium; used in upma and halwa
IN182,Vermicelli / Wheat Noodles,Triticum aestivum,Seviyan (Hi); Semiya (Ta); Semiya (Si),Cereals,Raw,100,11.2,352,1473,11.2,1.2,0.18,0.16,0.52,74.2,2.8,0.5,0.8,0,0,0.12,0.07,1.2,0.08,18,0,0,0.15,0.2,22,2.2,0.8,22,115,160,4,0.14,0.85,28.5,0,Both,IFCT 2017,Thin wheat noodles used in sweets and savory dishes
IN183,Rice Vermicelli,Oryza sativa,Idiyappam (Ta); Sevai (Ta); Noodles (Si),Cereals,Raw,100,11.8,354,1481,6.5,0.5,0.12,0.15,0.17,80.2,1.2,0.4,0.8,0,0,0.06,0.02,1.8,0.12,4,0,0,0.06,0.2,8,0.5,1.2,22,88,60,5,0.12,0.95,8.2,0,Both,IFCT 2017,Rice flour noodles; same as string hoppers but thinner
IN184,Wheat Bran,Triticum aestivum,Gehun ka chokar (Hi),Cereals,Raw,100,11,216,904,15.6,4.2,0.62,0.55,2.11,64.5,42.8,0.4,5.8,0,0,0.52,0.29,13.6,1.3,79,0,0,1.49,1.9,73,10.6,7.3,611,1013,1182,2,0.98,11.5,77.6,0,India,IFCT 2017,Extremely high fiber; high in phytic acid binding minerals
SL020,Dhal Curry (Red Lentil),Lens culinaris,Parippu curry (Si/Ta),Cooked Dishes,Cooked-Recipe,100,75.8,98,410,6.5,2.8,2.35,0.25,0.08,11.5,2.2,1.5,1.2,12,2.1,0.08,0.07,1,0.1,25,0,0,0.22,2.5,42,1.8,0.8,22,85,175,280,0.12,0.38,2.8,0,Sri Lanka,2025 Sri Lanka FCT paper,Cooked red lentil curry with coconut milk and spices; national staple
IN020,Red Lentil / Masoor Dal Raw,Lens culinaris,Masoor dal (Hi); Mysore paruppu (Ta),Pulses,Raw,100,11.8,340,1422,25.1,0.7,0.09,0.16,0.32,59,7.9,2.4,2.5,3,1.5,0.51,0.31,2.6,0.54,204,0,0,0.08,1.8,68,7.6,3.3,72,367,779,38,0.52,1.34,8.9,0,India,IFCT 2017,Split husked red lentil; very high folate and protein
IN021,Chickpea / Bengal Gram Whole,Cicer arietinum,Chana (Hi); Kadalai (Ta); Kadala (Si),Pulses,Raw,100,9.8,372,1557,17.1,5.3,0.55,1.29,2.39,60.9,17.4,10.7,2.7,3,4,0.48,0.21,1.5,0.54,340,0,0,0.35,9,202,4.6,3.4,138,331,830,24,0.87,2.02,8.2,0,India,IFCT 2017,High fiber and folate; good iron source
IN022,Black-eyed Pea / Cowpea,Vigna unguiculata,Lobia (Hi); Karamani (Ta); Me karal (Si),Pulses,Raw,100,10.5,323,1351,23.5,1.3,0.34,0.1,0.74,57.3,10.6,3.3,3.4,1,1.5,0.74,0.18,1.8,0.36,633,0,0,0.35,4,110,8.4,3.4,203,418,1100,58,0.79,1.65,5,0,India,IFCT 2017,Exceptionally high folate (633 ug); good protein
IN023,Green Gram / Mung Bean Whole,Vigna radiata,Moong (Hi); Pachai payaru (Ta); Mung (Si),Pulses,Raw,100,10.4,334,1397,24,1.2,0.35,0.14,0.54,59.9,8.1,6.6,3.5,2,4.8,0.62,0.15,2.1,0.19,625,0,0,0.26,9,124,4.4,2.7,189,367,1246,15,0.94,1.11,8.8,0,India,IFCT 2017,High folate; sprouted increases vitamin C significantly
IN024,Black Gram / Urad Dal,Vigna mungo,Urad (Hi); Ulunthu (Ta); Undu (Si),Pulses,Raw,100,10.8,341,1427,25.2,1.6,0.43,0.18,0.75,58.9,18.3,1.3,3.2,4,0,0.42,0.24,1.5,0.27,216,0,0,0.2,13.5,154,7.6,3.4,267,385,983,38,0.98,1.56,17.8,0,India,IFCT 2017,Base of idli/dosa batter; high calcium and Mg
IN025,Pigeon Pea / Toor Dal,Cajanus cajan,Toor dal (Hi); Thuvaram paruppu (Ta); Thora (Si),Pulses,Raw,100,10.6,335,1401,22.3,1.7,0.43,0.42,0.67,57.6,15,3.5,3.4,0,0,0.72,0.24,2.9,0.07,456,0,0,0.19,3.5,73,5.8,2.8,183,304,1392,17,1.34,1.79,8.8,0,India,IFCT 2017,Highest folate among common dals (456 ug); staple across South Asia
SL021,Jackfruit Seed Boiled,Artocarpus heterophyllus,Kos ata (Si); Pala vithai (Ta),Pulses,Cooked-Boiled,100,70.5,115,481,3.6,0.5,0.11,0.12,0.18,24.8,1.5,0.8,0.6,2,6,0.18,0.08,1.4,0.12,14,0,0,0.25,0.5,28,0.7,0.6,29,86,246,4,0.15,0.52,1.5,0,Sri Lanka,SL FCT 2021,Boiled jackfruit seeds; good source of resistant starch
SL022,Cowpea / Me Karal Sri Lanka,Vigna unguiculata,Me karal (Si); Karamani (Ta),Pulses,Raw,100,10.2,326,1365,23.8,1.5,0.38,0.12,0.78,58.2,10.8,3.5,3.6,2,1.8,0.76,0.19,1.9,0.38,645,0,0,0.36,4.2,115,8.6,3.5,208,425,1120,55,0.8,1.68,5.2,0,Sri Lanka,SL FCT 2021,Local cowpea variety; widely grown in Sri Lanka; high protein
SL023,Kadala / Black Chickpea,Cicer arietinum (desi type),Kadala (Si); Kala chana (Hi),Pulses,Raw,100,9.5,378,1582,17.5,5.5,0.58,1.35,2.45,61.5,18.2,11,2.8,4,4.2,0.5,0.22,1.6,0.56,352,0,0,0.38,9.5,210,4.8,3.5,142,338,845,25,0.9,2.1,8.5,0,Sri Lanka,SL FCT 2021,Black desi chickpea; used in kadala curry; high fiber
SL024,Winged Bean,Psophocarpus tetragonolobus,Dambala (Si); Kothavarangai (Ta),Pulses,Raw,100,59.5,198,829,15,5.8,2.1,1.05,2.28,19,4.5,3.5,1.8,20,18.5,0.38,0.15,1.8,0.05,50,0,0,3.2,18.5,224,2.2,1.8,150,295,420,8,0.42,0.55,1.5,0,Sri Lanka,SL FCT 2021,Highly nutritious tropical legume; all parts edible
IN026,Horse Gram,Macrotyloma uniflorum,Kulthi (Hi); Kollu (Ta); Kudu masa (Si),Pulses,Raw,100,10.2,321,1343,22,0.5,0.08,0.1,0.2,57.2,5.3,2.5,3.8,2,1.5,0.42,0.2,1.5,0.1,150,0,0,0.08,0,287,6.8,3.2,163,311,1013,26,0.75,1.05,6.5,0,Both,IFCT 2017,Very high calcium and iron; used in rasam and curries
IN027,Lima Bean / Butter Bean,Phaseolus lunatus,Sem (Hi); Mochai (Ta),Pulses,Raw,100,11.5,338,1415,21.5,1.2,0.27,0.1,0.57,63.4,19,2.2,3.8,2,0,0.51,0.21,1.8,0.42,395,0,0,0.15,5.8,72,6.8,2.8,224,385,1724,18,0.78,1.65,8.5,0,India,IFCT 2017,Very high folate; high fiber and potassium
IN028,Red Kidney Bean,Phaseolus vulgaris,Rajma (Hi); Rajma (various),Pulses,Raw,100,10.2,333,1394,24.9,1,0.15,0.1,0.45,59.5,24.9,2.2,3.4,0,4.5,0.54,0.22,1.5,0.4,394,0,0,0.21,5.6,143,6.7,2.8,138,407,1406,28,0.92,1.55,3.2,0,India,IFCT 2017,High fiber protein and folate; very high potassium
IN029,Field Bean / Val,Dolichos lablab,Val (Gu); Avarai (Ta); Mae (Si),Pulses,Raw,100,11.8,347,1452,24.9,1.8,0.42,0.15,0.88,60.1,4.5,3.2,3.2,0,0,0.51,0.2,2.2,0.28,216,0,0,0.38,11.2,260,4.8,3.2,145,258,1065,42,0.85,1.15,2.5,0,India,IFCT 2017,Also called hyacinth bean; rich in folate and calcium
IN170,Tofu Plain,Glycine max,Tofu (various),Pulses,Raw,100,84.5,76,318,8.1,4.2,0.61,0.94,2.39,1.9,0.3,0.3,0.5,0,0.3,0.07,0.05,0.2,0.1,15,0,0,0.01,2,138,1.6,1,37,111,150,7,0.19,0.6,13.2,0,India,IFCT 2017,Soybean curd; good plant protein
IN171,Soybean Dry,Glycine max,Soya (Hi); Soya bean (various),Pulses,Raw,100,8.5,432,1808,36.5,19.9,2.88,4.4,11.26,30.2,9.3,7.3,4.9,1,6,0.87,0.87,1.6,0.38,375,0,0,1.95,47,277,9.7,4.9,280,704,1797,2,1.66,2.52,17.8,0,India,IFCT 2017,Highest protein of all legumes; high omega-6; phytoestrogens
SL030,Gotu Kola Raw,Centella asiatica,Gotu kola (Si); Vallarai (Ta),Green Leafy Vegetables,Raw,100,88.5,35,146,2.9,0.6,0.13,0.12,0.24,5.2,2.5,1.2,2.8,391,9.2,0.15,0.19,1.5,0.15,105,0,0,1.02,180,171,5.6,0.8,22,30,391,53,0.32,0.41,0.8,0,Sri Lanka,SL FCT 2021; 2025 Sri Lanka FCT paper,High vitamin K; medicinal herb used in salads and sambols
SL031,Mukunuwenna / Alternanthera,Alternanthera sessilis,Mukunuwenna (Si); Ponnanganni (Ta),Green Leafy Vegetables,Raw,100,87.2,41,172,3.5,0.6,0.12,0.1,0.2,5.5,3.8,1.1,3.2,480,28,0.09,0.25,1.3,0.18,42,0,0,2.1,210,220,6.8,0.7,108,52,398,38,0.28,1.25,2.2,0,Sri Lanka,SL FCT 2021,Exceptional beta-carotene and vitamin K; used in mallun and sambols
SL032,Kankun / Water Spinach,Ipomoea aquatica,Kankun (Si); Kangkung (Ta),Green Leafy Vegetables,Raw,100,91.7,19,79,2.6,0.2,0.04,0.03,0.09,3.1,1.8,0.8,2.4,315,55,0.07,0.21,0.9,0.1,57,0,0,1.8,195,77,1.7,0.3,71,39,312,113,0.18,0.42,0.9,0,Sri Lanka,SL FCT 2021,High vitamin C; aquatic leafy green
SL033,Gotukola Sambol,Centella asiatica,Gotukola sambol (Si/Ta),Green Leafy Vegetables,Cooked-Recipe,100,81.2,78,326,3.8,5.5,4.68,0.45,0.16,6.8,2.2,1.8,2.5,185,7.5,0.12,0.16,1.2,0.12,82,0,0,1.45,145,128,4.5,0.7,18,28,298,105,0.25,0.33,0.6,0,Sri Lanka,2025 Sri Lanka FCT paper,Traditional salad with grated coconut lime and chilli
SL034,Mallung Mixed Greens,Various,Mallung (Si/Ta),Green Leafy Vegetables,Cooked-Recipe,100,80.5,85,356,4.2,4.2,3.55,0.38,0.14,8.5,3.1,1.5,2.8,410,22.5,0.1,0.22,1.3,0.16,85,0,0,1.85,175,195,4.8,0.8,95,55,380,102,0.28,0.92,1.5,0,Sri Lanka,2025 Sri Lanka FCT paper,Stir-fried shredded greens with grated coconut; generic composite
SL035,Katurumurunga / Tree Spinach,Sesbania grandiflora,Katurumurunga (Si); Agathi (Ta),Green Leafy Vegetables,Raw,100,82.5,58,243,8.4,1.2,0.25,0.21,0.42,7.5,2.2,0.5,2.8,490,148,0.21,0.35,2.1,0.32,225,0,0,2.2,298,1130,3.9,0.5,60,75,338,12,0.28,0.58,2.2,0,Sri Lanka,SL FCT 2021,Exceptional calcium (1130 mg); very high vitamin C and beta-carotene; also edible flowers
SL036,Nivithi / Niviti,Basella alba,Nivithi (Si); Pasalai (Ta),Green Leafy Vegetables,Raw,100,92.8,20,84,1.8,0.3,0.06,0.05,0.12,2.8,0.8,0.5,2.2,400,102,0.05,0.16,0.6,0.08,140,0,0,1.05,285,109,1.2,0.4,65,52,510,24,0.18,0.82,0.8,0,Sri Lanka,SL FCT 2021,Also called Malabar spinach; high vitamin K and beta-carotene
SL037,Kathurumurunga Mallun,Sesbania grandiflora,Katurumurunga mallung (Si),Green Leafy Vegetables,Cooked-Recipe,100,76.5,95,398,7.5,5.8,4.95,0.42,0.15,7.2,2,0.8,3.2,385,98,0.16,0.28,1.8,0.25,178,0,0,1.85,248,895,3.2,0.4,48,62,268,115,0.22,0.45,1.8,0,Sri Lanka,2025 Sri Lanka FCT paper,Cooked tree spinach with coconut; high calcium
SL038,Kohila / Lasia,Lasia spinosa,Kohila (Si),Green Leafy Vegetables,Raw,100,85.5,52,218,2.8,0.5,0.1,0.09,0.18,10.2,3.5,1.2,1.8,355,42,0.08,0.18,1.1,0.12,65,0,0,1.25,195,142,3.8,0.5,48,38,285,22,0.22,0.62,1.2,0,Sri Lanka,SL FCT 2021,Sri Lankan swamp vegetable; used in curries and mallung
IN030,Amaranth Leaves,Amaranthus tricolor,Chaulai (Hi); Araikeerai (Ta); Tampala (Si),Green Leafy Vegetables,Raw,100,85.7,45,188,4,0.5,0.09,0.07,0.17,6.5,2.7,0.9,3.3,730,80,0.06,0.36,1.4,0.19,85,0,0,2.2,1140,397,3.9,0.9,55,52,611,20,0.19,0.89,0.9,0,India,IFCT 2017,Exceptional beta-carotene vitamin C and K; iron-rich
IN031,Fenugreek Leaves,Trigonella foenum-graecum,Methi (Hi); Vendhaya keerai (Ta),Green Leafy Vegetables,Raw,100,86.1,49,205,4.4,0.9,0.19,0.14,0.35,6,3.9,2,2.6,57,220,0.04,0.36,0.8,0.29,120,0,0,0.54,12,395,16.5,0.8,68,62,678,76,0.46,0.79,0.6,0,India,IFCT 2017,Very high iron (16.5 mg) and vitamin C; slightly bitter
IN032,Spinach / Palak,Spinacia oleracea,Palak (Hi); Pasalai keerai (Ta),Green Leafy Vegetables,Raw,100,91.4,26,109,2,0.4,0.06,0.03,0.16,3.6,2.2,0.4,1.8,469,28.1,0.08,0.19,0.7,0.2,194,0,0,2.03,483,99,1.1,0.5,79,49,558,79,0.13,0.9,1,0,India,IFCT 2017,High folate vitamin K and beta-carotene
IN033,Drumstick Leaves / Moringa,Moringa oleifera,Murungai keerai (Ta); Murunga (Si),Green Leafy Vegetables,Raw,100,75.9,92,385,6.7,1.7,0.35,0.41,0.6,12.5,2,3.2,2.3,378,220,0.25,0.66,2.2,1.2,40,0,0,8.28,141.5,440,28.2,0.6,147,112,337,9,0.57,0.36,8.2,0,Both,IFCT 2017; SL FCT 2021,Exceptionally nutritious; very high calcium and vitamins A C and E
IN034,Curry Leaves (Indian variety),Murraya koenigii,Kadi patta (Hi); Karivepilai (Ta),Green Leafy Vegetables,Raw,100,62.5,108,452,6.1,1,0.22,0.19,0.34,18.5,6.4,0.9,4.2,725,4,0.08,0.21,2.3,0.15,93,0,0,0.9,205,810,0.9,0.2,44,57,889,80,0.1,0.17,0.8,0,India,IFCT 2017,Aromatic leaf; high calcium; anti-diabetic properties
IN035,Coriander Leaves Fresh,Coriandrum sativum,Dhania (Hi); Kothamalli (Ta); Koththamalli (Si),Green Leafy Vegetables,Raw,100,92.2,23,96,2.1,0.5,0.02,0.28,0.1,3.7,2.8,0.9,1.5,337,27,0.07,0.16,1.1,0.15,62,0,0,2.5,310,67,1.8,0.5,26,48,521,46,0.22,0.43,0.9,0,Both,IFCT 2017,High beta-carotene and vitamin K; aromatic herb
IN036,Mint Leaves,Mentha spicata,Pudina (Hi); Pudina (Ta/Si),Green Leafy Vegetables,Raw,100,85.6,44,184,3.3,0.7,0.19,0.06,0.3,8.5,7,1.8,1.9,212,31.8,0.08,0.17,1,0.13,114,0,0,0.89,621,243,11.9,1.1,80,73,569,30,0.25,1.18,0.6,0,Both,IFCT 2017,Very high vitamin K; iron-rich; cooling herb
IN037,Curry Leaves (dried),Murraya koenigii,Kadi patta dry (Hi); Karivepilai dry (Ta),Green Leafy Vegetables,Raw,100,10.2,392,1640,12.5,4.2,0.88,0.75,1.35,65.5,22.5,3.8,8.8,2890,15.8,0.32,0.84,9.2,0.6,372,0,0,3.6,820,2080,3.6,0.8,176,228,3556,320,0.4,0.68,3.2,0,India,IFCT 2017,Dried curry leaves; concentrated nutrients; very high calcium and K
SL040,Bitter Gourd / Karela,Momordica charantia,Karawila (Si); Pavakkai (Ta),Other Vegetables,Raw,100,93.2,17,71,1,0.2,0.03,0.02,0.08,3.7,2.8,1.6,0.9,24,84,0.04,0.04,0.4,0.04,72,0,0,0.14,4.8,20,0.4,0.8,17,31,296,5,0.08,0.09,0.2,0,Both,SL FCT 2021; IFCT 2017,Hypoglycaemic properties; high vitamin C
SL041,Jackfruit Unripe Raw,Artocarpus heterophyllus,Polos (Si); Pala (Ta),Other Vegetables,Raw,100,77.2,95,397,1.5,0.3,0.07,0.06,0.12,23.2,1.5,17.1,0.8,5,6.7,0.03,0.04,0.4,0.11,14,0,0,0.34,0.5,34,0.6,0.4,37,21,303,3,0.08,0.04,0.6,0,Sri Lanka,SL FCT 2021,Young unripe jackfruit used as vegetable; polos curry
SL042,Breadfruit Raw,Artocarpus altilis,Del (Si); Seema palakkai (Ta),Other Vegetables,Raw,100,70.6,103,431,1.1,0.2,0.05,0.04,0.08,27.1,4.9,11,0.9,0,29,0.11,0.03,0.9,0.1,14,0,0,0.1,0.5,17,0.5,0.1,25,30,490,2,0.08,0.1,0.6,0,Sri Lanka,SL FCT 2021,Rich in potassium; good fiber; roasted or curried
SL043,Drumstick / Moringa Pod,Moringa oleifera,Murunga (Si); Murungakkai (Ta),Other Vegetables,Raw,100,88.2,37,155,2.1,0.1,0.02,0.03,0.04,8.5,3.2,3.7,1.1,4,141,0.05,0.07,0.62,0.12,45,0,0,0.36,46,30,0.36,0.45,45,50,461,42,0.08,0.26,0.9,0,Both,SL FCT 2021; IFCT 2017,Moringa pods used in sambar and curries; moderately nutritious
SL044,Snake Gourd,Trichosanthes cucumerina,Pathola (Si); Pudalangai (Ta),Other Vegetables,Raw,100,94.6,18,75,0.5,0.3,0.06,0.04,0.12,3.9,0.8,2.2,0.5,10,6,0.04,0.03,0.4,0.04,12,0,0,0.1,0.8,26,0.6,0.3,15,20,135,3,0.05,0.06,0.3,0,Sri Lanka,SL FCT 2021,Low calorie; popular Sri Lankan vegetable; mild flavour
SL045,Ash Plantain (Raw),Musa paradisiaca,Alukesel (Si); Vazhakkai (Ta),Other Vegetables,Raw,100,65.2,122,511,1.3,0.2,0.08,0.02,0.05,32.2,2.3,1.5,0.8,5,8.7,0.04,0.05,0.7,0.28,18,0,0,0.12,0.5,8,0.6,0.2,38,34,385,4,0.1,0.28,1.5,0,Sri Lanka,SL FCT 2021,Raw cooking banana; high resistant starch; important SL vegetable
SL046,Green Beans / French Beans,Phaseolus vulgaris,Bonchi (Si); Avarakkai (Ta),Other Vegetables,Raw,100,90.3,31,130,1.8,0.2,0.04,0.02,0.09,7,3.4,3.2,0.6,35,12.2,0.08,0.1,0.7,0.14,37,0,0,0.41,14.4,37,1,0.24,25,38,211,6,0.07,0.21,0.6,0,Both,SL FCT 2021; IFCT 2017,Young pods of kidney bean; good folate source
SL047,Long Beans / Yard-long Bean,Vigna unguiculata sesquipedalis,Mae (Si); Karamani (Ta),Other Vegetables,Raw,100,88.5,47,197,2.8,0.4,0.08,0.04,0.18,8.4,3.6,4.5,0.7,42,18.8,0.15,0.09,1.1,0.024,62,0,0,0.35,48,72,0.6,0.38,42,59,240,4,0.11,0.32,1.5,0,Sri Lanka,SL FCT 2021,Long bean pods; eaten raw or cooked; good vitamin A
SL048,Coconut Cream,Cocos nucifera,Pol thel (Si); Thengai paal (Ta),Nuts & Oilseeds,Raw,100,57.2,330,1381,3.5,34.7,30.8,1.5,0.38,6.2,2.2,3.8,0.8,0,2.8,0.04,0.02,0.5,0.05,14,0,0,0.15,0.1,16,1.2,0.8,26,95,232,16,0.28,0.95,6.8,0,Sri Lanka,SL FCT 2021,Thick coconut cream; concentrated form; rich in MCT fats
IN040,Tomato Red,Solanum lycopersicum,Tamatar (Hi); Thakkali (Ta),Other Vegetables,Raw,100,93.5,18,75,0.9,0.2,0.03,0.03,0.08,3.9,1.2,2.6,0.5,38,27,0.06,0.04,0.6,0.08,15,0,0,0.54,7.9,13,0.4,0.2,11,24,237,5,0.07,0.11,0.4,0,Both,IFCT 2017; SL FCT 2021,Lycopene-rich; widely used in both cuisines
IN041,Onion Common,Allium cepa,Pyaz (Hi); Vengayam (Ta); Lunu (Si),Other Vegetables,Raw,100,88.7,40,167,1.2,0.1,0.02,0.01,0.04,9.3,1.7,4.2,0.5,0,7.4,0.04,0.03,0.2,0.12,19,0,0,0.02,0.5,36,0.4,0.2,10,36,146,4,0.06,0.13,0.5,0,Both,IFCT 2017; SL FCT 2021,Quercetin-rich; allicin precursors
IN042,Garlic,Allium sativum,Lehsun (Hi); Poondu (Ta); Sudu lunu (Si),Spices,Raw,100,58.6,149,623,6.4,0.5,0.09,0.02,0.22,33.1,2.1,1,1.5,0,31.2,0.2,0.11,0.7,1.24,3,0,0,0.08,1.7,181,1.7,1.2,25,153,401,17,0.3,1.67,14.2,0,Both,IFCT 2017; SL FCT 2021,Allicin precursor; antimicrobial; high sulfur compounds
IN043,Brinjal / Eggplant,Solanum melongena,Baingan (Hi); Kathirikkai (Ta); Vambatu (Si),Other Vegetables,Raw,100,92.5,25,105,1.4,0.3,0.05,0.03,0.13,4.5,2.5,2.2,0.9,3,2.5,0.08,0.04,0.8,0.09,22,0,0,0.3,3.5,18,0.4,0.2,14,47,200,3,0.08,0.25,0.3,0,Both,IFCT 2017; SL FCT 2021,Anthocyanin-rich skin; moderate folate
IN044,Okra / Lady Finger,Abelmoschus esculentus,Bhindi (Hi); Vendaikkai (Ta); Bandakka (Si),Other Vegetables,Raw,100,88.6,36,151,2.1,0.2,0.04,0.02,0.1,7.5,3.2,1.5,0.9,36,23,0.2,0.06,1,0.22,60,0,0,0.27,31.3,66,0.6,0.5,57,63,303,8,0.09,1.53,0.7,0,Both,IFCT 2017; SL FCT 2021,Good folate and vitamin K; mucilaginous fiber
IN045,Pumpkin Yellow,Cucurbita maxima,Kaddu (Hi); Poosanikai (Ta); Wattakka (Si),Other Vegetables,Raw,100,91.5,26,109,1,0.1,0.02,0.01,0.06,6.5,0.5,2.8,0.8,369,9,0.05,0.11,0.6,0.06,16,0,0,1.06,1.1,21,0.8,0.3,12,44,340,1,0.13,0.12,0.3,0,Both,IFCT 2017; SL FCT 2021,High beta-carotene; low calorie
IN046,Ridge Gourd / Luffa,Luffa acutangula,Turai (Hi); Peerkangai (Ta); Wetakolu (Si),Other Vegetables,Raw,100,95,20,84,0.7,0.2,0.04,0.02,0.08,3.4,0.5,1.8,0.5,6,7,0.04,0.03,0.4,0.04,12,0,0,0.1,0.6,18,0.4,0.5,14,28,139,3,0.06,0.08,0.4,0,Both,IFCT 2017; SL FCT 2021,Low calorie cooling vegetable
IN047,Bottle Gourd / Lauki,Lagenaria siceraria,Lauki (Hi); Sorakkai (Ta); Ala (Si),Other Vegetables,Raw,100,96.1,14,59,0.5,0.1,0.01,0.01,0.04,2.8,0.4,2.2,0.4,6,7.5,0.03,0.02,0.2,0.04,6,0,0,0.05,0.2,26,0.4,0.3,9,13,150,2,0.03,0.06,0.2,0,Both,IFCT 2017,Lowest calorie gourd; high water content
IN048,Bitter Gourd Cooked,Momordica charantia,Karawila (Si); Pavakkai (Ta),Other Vegetables,Cooked-Boiled,100,94.5,14,59,0.8,0.1,0.02,0.01,0.06,2.8,2.2,1.2,0.8,18,62,0.03,0.03,0.3,0.03,52,0,0,0.1,3.5,16,0.3,0.6,14,24,225,4,0.06,0.07,0.2,0,Both,IFCT 2017; SL FCT 2021,Boiled bitter gourd; some vitamin C and hypoglycaemic compounds retained
IN049,Green Capsicum,Capsicum annuum,Simla mirch (Hi); Kodai milagai (Ta),Other Vegetables,Raw,100,92.8,20,84,0.8,0.2,0.03,0.01,0.1,4.6,1.5,2.4,0.5,18,80.4,0.05,0.04,0.5,0.22,10,0,0,0.37,7.4,10,0.4,0.1,10,20,175,3,0.08,0.12,0.3,0,Both,IFCT 2017,High vitamin C; capsaicin content lower than hot chilli
IN050,Sweet Potato Orange,Ipomoea batatas,Shakarkandi (Hi); Sakkaravalli (Ta); Batala (Si),Roots & Tubers,Raw,100,72.8,86,360,1.6,0.1,0.02,0.01,0.04,20.1,3,4.2,1,961,2.4,0.08,0.06,0.6,0.29,11,0,0,0.26,1.8,30,0.6,0.3,25,47,337,55,0.15,0.26,0.6,0,Both,IFCT 2017; SL FCT 2021,Exceptionally high beta-carotene in orange variety
IN051,Potato,Solanum tuberosum,Aloo (Hi); Urulai (Ta); Ala (Si),Roots & Tubers,Raw,100,80.7,70,293,1.9,0.1,0.02,0,0.05,16.6,1.6,0.9,0.9,0,17,0.1,0.03,1.4,0.3,16,0,0,0.01,1.8,10,0.7,0.3,23,57,421,6,0.11,0.14,0.3,0,Both,IFCT 2017; SL FCT 2021,High potassium; vitamin C degrades on cooking
IN052,Elephant Foot Yam,Amorphophallus paeoniifolius,Suran (Hi); Karunai kizhangu (Ta); Ala (Si),Roots & Tubers,Raw,100,78,79,331,1.2,0.1,0.02,0.01,0.04,19.5,5.1,0.5,0.9,0,5.7,0.09,0.04,0.6,0.19,18,0,0,2.08,0.5,50,0.6,0.5,34,55,816,18,0.22,0.93,0.7,0,India,IFCT 2017,High dietary fiber; anti-diabetic properties claimed
SL050,Cassava / Manioc Raw,Manihot esculenta,Manioc (Si); Maravalli kizhangu (Ta),Roots & Tubers,Raw,100,59.4,160,669,1.4,0.3,0.08,0.07,0.09,38.1,1.8,1.7,0.8,0,36.7,0.09,0.05,0.9,0.09,27,0,0,0.19,1.9,16,0.3,0.3,21,27,271,14,0.1,0.38,0.7,0,Sri Lanka,SL FCT 2021,Important Sri Lankan root vegetable; must be properly cooked to remove HCN
SL051,Manioc Boiled,Manihot esculenta,Manioc (Si); Maravalli kizhangu (Ta),Roots & Tubers,Cooked-Boiled,100,65.8,138,577,1,0.2,0.05,0.05,0.06,32.5,1.5,1.4,0.5,0,20.6,0.07,0.03,0.7,0.07,17,0,0,0.12,1.4,11,0.2,0.2,16,21,212,10,0.07,0.29,0.5,0,Sri Lanka,SL FCT 2021,Boiled cassava; vitamin C partially retained
SL052,Yam Purple Raw,Dioscorea alata,Nil ala (Si); Kachil (Ta),Roots & Tubers,Raw,100,72.7,108,452,1.5,0.2,0.04,0.05,0.06,24.8,4.1,0.5,0.8,3,17.1,0.11,0.03,0.6,0.29,23,0,0,0.35,2.5,18,0.5,0.3,21,55,816,9,0.18,0.45,0.7,0,Sri Lanka,SL FCT 2021,High potassium; purple anthocyanins
SL053,Arrowroot,Maranta arundinacea,Ararot (Si); Koovaikizhangu (Ta),Roots & Tubers,Raw,100,80.7,65,272,0.4,0.1,0.02,0.01,0.04,17.8,1.4,0.3,1.2,0,1.9,0.14,0.02,1.7,0.27,6,0,0,0.05,0.6,6,2.2,0.7,25,98,454,26,0.07,0.44,0.7,0,Sri Lanka,SL FCT 2021,Sri Lankan arrowroot; gluten-free starch; mild flavor
IN053,Taro Root / Arbi,Colocasia esculenta,Arbi (Hi); Seppankizhangu (Ta); Ala (Si),Roots & Tubers,Raw,100,73.1,97,406,1.8,0.2,0.04,0.01,0.07,23.7,4.1,0.4,1.2,4,4.5,0.09,0.03,0.6,0.28,19,0,0,2.38,0.5,43,0.5,0.2,30,76,448,11,0.18,0.48,0.6,0,Both,IFCT 2017; SL FCT 2021,High fiber; good potassium; irritant when raw due to calcium oxalate crystals
IN054,Beetroot,Beta vulgaris,Chukandar (Hi); Beetroot (various),Roots & Tubers,Raw,100,87.6,43,180,1.6,0.1,0.02,0.02,0.04,9.6,2.8,6.8,1.1,2,4.9,0.03,0.04,0.3,0.07,109,0,0,0.04,0.2,16,0.8,0.4,23,40,325,78,0.08,0.33,0.7,0,Both,IFCT 2017,High folate and nitrates; betalain pigments; sports nutrition
IN055,Radish,Raphanus sativus,Mooli (Hi); Mullangi (Ta); Rabu (Si),Roots & Tubers,Raw,100,95,18,75,0.7,0.1,0.01,0.02,0.04,3.4,1.6,1.9,0.6,0,14.8,0.01,0.04,0.3,0.07,25,0,0,0,1.3,25,0.3,0.3,10,18,233,39,0.05,0.07,0.7,0,Both,IFCT 2017,High glucosinolates; anti-cancer compounds; cooling vegetable
SL060,Coconut Fresh Flesh,Cocos nucifera,Pol (Si); Thengai (Ta),Nuts & Oilseeds,Raw,100,47,354,1481,3.3,33.5,29.7,1.43,0.37,15.2,9,6.8,1,0,3.3,0.07,0.02,0.5,0.05,26,0,0,0.24,0.2,14,1.9,1.1,32,113,356,20,0.44,1.5,10.1,0,Sri Lanka,SL FCT 2021,Rich in MCTs especially lauric acid; cornerstone of Sri Lankan cuisine
SL061,Coconut Milk First Extraction,Cocos nucifera,Kiri pol (Si); Thenkai paal (Ta),Nuts & Oilseeds,Raw,100,67.6,230,962,2.3,24,21.34,1.03,0.27,5.5,2.2,3.2,0.5,0,2.8,0.03,0,0.8,0.04,16,0,0,0.1,0.1,16,1.5,0.7,37,100,263,15,0.32,1.21,6,0,Sri Lanka,SL FCT 2021,Thick first-press coconut milk; base for Sri Lankan curries
SL062,Coconut Milk Thin Second,Cocos nucifera,Diya kiri (Si),Nuts & Oilseeds,Raw,100,84,112,469,1.1,11.2,9.93,0.48,0.13,2.8,1,1.9,0.3,0,1.5,0.02,0,0.4,0.02,8,0,0,0.05,0.1,8,0.7,0.3,18,50,130,8,0.15,0.58,3,0,Sri Lanka,SL FCT 2021,Second-press thinner coconut milk
SL063,Pol Sambol (Coconut Sambol),Cocos nucifera,Pol sambol (Si); Thengai thuvaiyaL (Ta),Cooked Dishes,Cooked-Recipe,100,45.2,365,1527,3.8,34.5,30.6,1.48,0.38,13.5,7.5,5.2,3,18,12.5,0.08,0.04,0.7,0.08,22,0,0,0.3,2.5,22,2.2,1.1,30,108,310,195,0.45,1.42,9.5,0,Sri Lanka,2025 Sri Lanka FCT paper,Grated coconut with chilli onion and lime; universal Sri Lankan condiment
SL064,Banana Ambul / Sour Banana,Musa paradisiaca,Ambul kesel (Si); Pazham (Ta),Fruits,Raw,100,74.4,89,372,1,0.2,0.07,0.02,0.06,23.4,1.5,12.2,0.8,4,8.7,0.05,0.05,0.6,0.37,14,0,0,0.12,0.5,5,0.3,0.2,27,22,358,1,0.08,0.27,1,0,Sri Lanka,SL FCT 2021,Local sour banana variety; slightly higher fiber
SL065,Banana Kolikuttu Sweet,Musa paradisiaca,Kolikuttu kesel (Si),Fruits,Raw,100,72.8,92,385,1.2,0.3,0.1,0.03,0.08,24.5,1.2,13.8,0.7,6,10.5,0.05,0.06,0.7,0.4,16,0,0,0.15,0.6,6,0.4,0.2,30,24,370,1,0.09,0.3,1.1,0,Sri Lanka,SL FCT 2021,Sweet banana common in Sri Lanka
SL066,Woodapple,Limonia acidissima,Divul (Si); Vilam (Ta),Fruits,Raw,100,64.2,134,561,7.1,3.7,0.85,0.42,0.82,18,5,9.4,2,55,6,0.21,0.19,1.9,0.09,34,0,0,0.9,3,130,0.6,0.8,38,110,600,7,0.25,0.55,0.8,0,Sri Lanka,SL FCT 2021,Extremely high potassium and protein for a fruit; used in chutneys and drinks
SL067,Rambutan,Nephelium lappaceum,Rambutan (Si/Ta),Fruits,Raw,100,78,82,343,0.9,0.2,0.06,0.04,0.07,20.9,0.9,19.5,0.4,0,4.9,0.01,0.02,1.4,0.02,8,0,0,0.05,0,22,0.4,0.1,7,9,42,11,0.07,0.34,1,0,Sri Lanka,SL FCT 2021,Tropical fruit; moderate vitamin C
SL068,Mango Local Sri Lankan,Mangifera indica,Amba (Si); Manga (Ta),Fruits,Raw,100,83.5,60,251,0.8,0.4,0.1,0.15,0.07,14.8,1.6,13.7,0.4,38,36.4,0.06,0.06,0.7,0.13,43,0,0,0.9,4.2,11,0.2,0.1,10,14,168,2,0.11,0.06,0.6,0,Sri Lanka,SL FCT 2021,Ripe mango; high beta-carotene and vitamin C
SL069,Jackfruit Ripe,Artocarpus heterophyllus,Waraka (Si); Palam pala (Ta),Fruits,Raw,100,73.5,98,410,1.7,0.6,0.14,0.13,0.18,23.2,1.6,19.1,0.9,25,13.8,0.11,0.11,0.4,0.33,24,0,0,0.34,4,34,0.6,0.4,37,21,303,3,0.08,0.22,0.6,0,Sri Lanka,SL FCT 2021,Ripe sweet jackfruit; reasonable potassium
SL070,King Coconut Water (Thambili),Cocos nucifera var. aurantiaca,Thambili (Si/Ta),Fruits,Raw,100,94.8,22,92,0.5,0.1,0.08,0.01,0.01,4.5,0,4.5,0.4,0,2.4,0.04,0.06,0.1,0.06,0,0,0,0.04,0,25,0.1,0.2,11,20,258,65,0.08,0.14,0.2,0,Sri Lanka,SL FCT 2021,Sri Lanka king coconut water; high electrolytes
SL071,Goraka / Gamboge,Garcinia cambogia,Goraka (Si); Kudampuli (Ta),Fruits,Raw,100,80.5,45,188,0.5,0.8,0.18,0.08,0.05,11.2,5.8,4.5,2.2,5,10.2,0.05,0.08,0.8,0.08,15,0,0,0.28,8,52,0.8,0.2,22,32,220,12,0.08,0.15,0.5,0,Sri Lanka,SL FCT 2021,Sour fruit used as condiment in Sri Lankan curries; hydroxy citric acid
SL072,Beli / Bael Fruit,Aegle marmelos,Beli (Si); Vilvam (Ta),Fruits,Raw,100,61.5,137,573,1.8,0.3,0.06,0.07,0.12,31.8,2.9,3.5,1.7,55,8,0.13,0.21,1.1,0.06,28,0,0,0.5,0.2,85,0.6,0.4,34,50,600,8,0.18,0.32,1.5,0,Sri Lanka,SL FCT 2021,Medicinal fruit; good calcium and beta-carotene; high potassium
SL073,Passion Fruit,Passiflora edulis,Passion fruit (Si/Ta); Passionpazham (Ta),Fruits,Raw,100,72.9,97,406,2.2,0.7,0.06,0.09,0.41,23.4,10.4,11.2,0.8,64,30,0.01,0.13,1.5,0.1,14,0,0,0.02,0.7,12,1.6,0.1,29,68,348,28,0.09,0.1,0.6,0,Sri Lanka,SL FCT 2021,Very high fiber; good beta-carotene and iron; tart flavor
SL074,Pomegranate,Punica granatum,Delum (Si); Madulai (Ta),Fruits,Raw,100,78,83,347,1.7,1.2,0.12,0.09,0.08,18.7,4,13.7,0.6,0,10.2,0.07,0.05,0.3,0.08,38,0,0,0.6,16.4,10,0.3,0.4,12,36,236,3,0.16,0.12,0.5,0,Both,SL FCT 2021,High folate and vitamin C; polyphenol-rich; antioxidant
IN060,Mango Alphonso,Mangifera indica,Hapus (Ma); Alphonso (various),Fruits,Raw,100,81.7,74,310,0.6,0.4,0.09,0.15,0.07,17,1.8,14.8,0.4,54,44.8,0.08,0.06,0.9,0.13,43,0,0,1.8,4.8,14,0.2,0.1,10,11,156,2,0.11,0.08,0.8,0,India,IFCT 2017,Premium variety; higher beta-carotene than most mangoes
IN061,Papaya Ripe,Carica papaya,Papita (Hi); Pappali (Ta); Papol (Si),Fruits,Raw,100,88.1,42,176,0.6,0.1,0.02,0.03,0.03,10.8,1.7,7.8,0.6,47,62,0.04,0.05,0.3,0.1,38,0,0,0.3,2.6,20,0.5,0.1,21,13,257,8,0.04,0.03,0.6,0,Both,IFCT 2017; SL FCT 2021,High beta-carotene and vitamin C; digestive enzyme papain
IN062,Guava,Psidium guajava,Amrood (Hi); Koyyapazham (Ta); Pera (Si),Fruits,Raw,100,80.1,68,284,2.6,1,0.28,0.09,0.4,14.3,5.4,8.9,0.9,31,228,0.07,0.04,1.2,0.11,49,0,0,0.73,2.6,18,0.3,0.2,22,40,417,2,0.23,0.15,0.6,0,Both,IFCT 2017; SL FCT 2021,Exceptionally high vitamin C (228 mg); high fiber
IN063,Pineapple,Ananas comosus,Ananas (Hi); Annasi (Ta); Anasi (Si),Fruits,Raw,100,86,50,209,0.5,0.1,0.01,0.03,0.04,13.1,1.4,9.9,0.3,3,47.8,0.08,0.03,0.5,0.11,18,0,0,0.02,0.7,13,0.3,0.1,12,8,109,1,0.11,1.59,0.1,0,Both,IFCT 2017; SL FCT 2021,Bromelain enzyme; high manganese
IN064,Sapodilla / Chikoo,Manilkara zapota,Chikoo (Hi); Sapota (Ta); Sapukesel (Si),Fruits,Raw,100,77.9,94,393,0.4,1.1,0.55,0.3,0.02,19.9,5.6,16.5,0.7,2,14.7,0,0.02,0.2,0.04,14,0,0,0.43,0,21,0.8,0.1,12,12,193,12,0.09,0.1,0.5,0,Both,IFCT 2017; SL FCT 2021,High dietary fiber; moderate iron
IN065,Banana (Cavendish),Musa paradisiaca,Kela (Hi); Vazhai (Ta); Kesel (Si),Fruits,Raw,100,74.9,89,373,1.1,0.3,0.11,0.03,0.07,22.8,2.6,12.2,0.8,3,8.7,0.03,0.07,0.7,0.37,20,0,0,0.12,0.5,5,0.3,0.2,27,22,358,1,0.08,0.27,1,0,Both,IFCT 2017,Standard banana; high potassium and vitamin B6
IN066,Lychee,Litchi chinensis,Litchi (Hi/various); Litchi (Ta/Si),Fruits,Raw,100,81.8,66,276,0.8,0.4,0.09,0.12,0.11,16.5,1.3,15.2,0.5,0,71.5,0.01,0.07,0.6,0.1,14,0,0,0.07,0.4,5,0.3,0.1,10,31,171,1,0.15,0.05,0.6,0,Both,IFCT 2017,Very high vitamin C; antioxidant polyphenols
IN067,Orange,Citrus sinensis,Santra (Hi); Aaranjai (Ta); Dodan (Si),Fruits,Raw,100,86.8,47,197,1,0.1,0.01,0.02,0.02,11.8,2.4,9.4,0.5,11,53.2,0.09,0.04,0.3,0.06,30,0,0,0.18,0,40,0.1,0.1,10,17,181,0,0.04,0.02,0.5,0,Both,IFCT 2017,High vitamin C; good folate
IN068,Lime / Lemon,Citrus aurantiifolia,Nimbu (Hi); Elumichai (Ta); Dehi (Si),Fruits,Raw,100,90.9,29,121,0.7,0.2,0.02,0.02,0.06,7.1,2.8,1.5,0.5,2,53,0.03,0.02,0.2,0.04,8,0,0,0.22,0.4,26,0.6,0.1,6,18,102,2,0.06,0.01,0.4,0,Both,IFCT 2017,High vitamin C; alkalizing despite acidic taste
IN069,Tamarind Ripe Pulp,Tamarindus indica,Imli (Hi); Puli (Ta); Siyambala (Si),Fruits,Raw,100,31.4,239,1000,2.8,0.6,0.27,0.17,0.05,62.5,5.1,38.8,2.7,2,3.5,0.43,0.15,1.9,0.07,14,0,0,0.1,2.8,74,2.8,0.1,92,113,628,28,0.87,0.15,1.3,0,Both,IFCT 2017; SL FCT 2021,Very high potassium and iron; essential souring agent
IN070,Groundnut / Peanut Raw,Arachis hypogaea,Moongphali (Hi); Nilakadalai (Ta); Kadala (Si),Nuts & Oilseeds,Raw,100,5.2,567,2372,25.7,49.2,9.68,24.43,15.56,16.1,8.5,4,2.3,0,0,0.64,0.13,12.9,0.35,240,0,0,8.33,0,92,2.5,3.3,168,376,705,18,1.14,1.93,7.2,0,Both,IFCT 2017; SL FCT 2021,Very high niacin; good folate and vitamin E
IN071,Sesame Seeds White,Sesamum indicum,Til (Hi); Ellu (Ta); Thala (Si),Nuts & Oilseeds,Raw,100,4.7,573,2397,18,50.9,7.16,19.37,22.32,23.5,11.8,0.3,4.5,0,0,0.79,0.25,4.5,0.79,97,0,0,0.25,0,975,14.6,7.8,351,629,468,11,4.08,2.46,34.4,0,Both,IFCT 2017; SL FCT 2021,Exceptional calcium (975 mg); high iron and zinc
IN072,Cashew Nut Raw,Anacardium occidentale,Kaju (Hi); Mundhiri (Ta); Kaju (Si),Nuts & Oilseeds,Raw,100,5.2,553,2314,18.2,43.8,7.78,24.49,7.84,30.2,3.3,5.9,2.6,0,0,0.42,0.06,1.1,0.42,69,0,0,0.9,34.1,37,6.7,5.8,260,490,565,12,2.22,1.66,19.9,0,Both,IFCT 2017; SL FCT 2021,High magnesium zinc and copper; widely used in Sri Lankan sweets
IN172,Flaxseed / Linseed,Linum usitatissimum,Alsi (Hi); Ali virai (Ta),Nuts & Oilseeds,Raw,100,5.2,534,2234,18.3,42.2,3.66,7.53,28.73,28.9,27.3,1.6,3.4,0,0.6,1.64,0.16,3.1,0.47,87,0,0,0.31,4.3,255,5.7,4.3,392,642,813,30,1.22,2.48,25.4,0,India,IFCT 2017,Highest plant omega-3 ALA; very high fiber
IN073,Coconut Oil,Cocos nucifera,NariyaL tel (Hi); Thengai ennai (Ta); Pol thel (Si),Fats & Oils,Raw,100,0,884,3699,0,100,86.5,5.8,1.8,0,0,0,0,0,0,0,0,0,0,0,0,0,0.1,0.5,1,0,0,0,0,0,0,0,0,0,0,Both,IFCT 2017; SL FCT 2021,Over 86% saturated fat; lauric acid C12 approx 45%
IN074,Mustard Oil,Brassica juncea,Sarson tel (Hi); Kadugu ennai (Ta),Fats & Oils,Raw,100,0,884,3699,0,100,11.6,59.2,21.2,0,0,0,0,0,0,0,0,0,0,0,0,0,17.8,0,0,0,0,0,0,0,0,0,0,0,0,India,IFCT 2017,High erucic acid mustard oil; high MUFA
IN075,Sesame Oil,Sesamum indicum,Til ka tel (Hi); Nallennai (Ta); Thala tel (Si),Fats & Oils,Raw,100,0,884,3699,0,100,14.2,39.7,41.7,0,0,0,0,0,0,0,0,0,0,0,0,0,1.4,13.6,0,0,0,0,0,0,0,0,0,0,0,Both,IFCT 2017,High sesamol antioxidant; balanced MUFA/PUFA ratio
IN076,Sunflower Oil,Helianthus annuus,Surajmukhi tel (Hi),Fats & Oils,Raw,100,0,884,3699,0,100,10.3,19.5,65.7,0,0,0,0,0,0,0,0,0,0,0,0,0,41.1,5.6,0,0,0,0,0,0,0,0,0,0,India,IFCT 2017,High omega-6 linoleic acid; vitamin E rich,
IN077,Groundnut Oil,Arachis hypogaea,Moongphali tel (Hi); Kadala ennai (Ta),Fats & Oils,Raw,100,0,884,3699,0,100,16.9,50.5,28.5,0,0,0,0,0,0,0,0,0,0,0,0,0,15.7,0,0,0,0,0,0,0,0,0,0,0,India,IFCT 2017,High MUFA; heat-stable for frying; widely used in South India,
IN078,Ghee (Clarified Butter),Bubalus bubalis / Bos taurus,Ghee (Hi/Ta/Si),Fats & Oils,Raw,100,0,900,3766,0,99.7,61.9,28.7,3.7,0,0,0,0,840,0,0,0,0,0,0,0,0,2.8,8.6,4,0,0,0,0,0,2,0,0,0,256,Both,IFCT 2017,Clarified butter; very high saturated fat; high vitamin A in buffalo ghee
SL080,Curry Leaf Fresh,Murraya koenigii,Karapincha (Si); Karuvepilaai (Ta),Spices,Raw,100,63.8,108,452,6.1,1,0.22,0.19,0.34,16,6.4,0.9,4.2,725,4,0.08,0.21,2.3,0.15,93,0,0,0.9,205,830,0.9,0.2,44,57,889,80,0.1,0.17,0.8,0,Both,SL FCT 2021; IFCT 2017,Exceptional calcium (830 mg); vitamin K and beta-carotene; essential flavoring
SL081,Chilli Red Dried,Capsicum annuum,Miris (Si); Milagai (Ta); Lal mirch (Hi),Spices,Raw,100,10,319,1335,14.4,16.8,3.26,2.75,8.37,49.7,21.1,10.3,6,1484,76.4,0.33,0.92,8.8,2.45,106,0,0,29.83,80.3,148,34.1,2.5,171,300,1870,30,0.82,2,2.9,0,Both,IFCT 2017; SL FCT 2021,Very high capsaicin; exceptional iron and vitamin C in dried form
SL082,Turmeric Dried,Curcuma longa,Kaha (Si); Manjal (Ta); Haldi (Hi),Spices,Raw,100,8.9,390,1632,9.4,8.9,3.12,1.65,2.17,65,21.1,3.2,7.8,0,25.9,0.15,0.23,5.1,1.8,39,0,0,3.1,13.4,168,47.5,4.4,193,268,2525,38,0.6,7.83,4.5,0,Both,IFCT 2017; SL FCT 2021,Curcumin anti-inflammatory; very high iron and Mn
SL083,Coriander Dried,Coriandrum sativum,Koththamalli (Si); Kothamalli (Ta); Dhaniya (Hi),Spices,Raw,100,8.9,298,1247,12.4,17.8,1.95,13.57,1.75,55,41.9,0,5.9,0,21,0.24,0.29,2.1,0.41,274,0,0,2.5,310,709,16.3,4.7,330,409,1267,35,0.87,1.9,26.2,0,Both,IFCT 2017; SL FCT 2021,Exceptional calcium and iron; high vitamin K
SL084,Cinnamon Dried,Cinnamomum verum,Kurundu (Si); Karuvapatttai (Ta); Dalchini (Hi),Spices,Raw,100,9.5,261,1092,3.9,3.2,0.35,0.26,0.04,79.9,53.1,2.2,1.6,15,3.8,0.02,0.06,1.3,0.16,6,0,0,2.32,31.2,1002,8.3,1.8,60,64,431,10,0.34,17.47,3.1,0,Sri Lanka,SL FCT 2021,Sri Lankan true cinnamon; high calcium (1002 mg); world finest cinnamon
SL085,Green Chilli Fresh,Capsicum annuum,Rata miris (Si); Pachai milagai (Ta),Spices,Raw,100,88.2,40,167,2,0.2,0.04,0.01,0.1,9.5,1.5,5.1,0.6,59,242.5,0.09,0.09,0.95,0.29,23,0,0,0.69,14.3,18,1,0.3,23,46,340,7,0.12,0.19,0.5,0,Both,SL FCT 2021; IFCT 2017,Very high vitamin C (242 mg); capsaicin compounds
IN080,Fenugreek Seeds,Trigonella foenum-graecum,Methi (Hi); Vendhayam (Ta); Uluhaal (Si),Spices,Raw,100,13.7,333,1393,26.2,5.8,1.46,0.72,0.14,44.1,24.6,0,3,6,3,0.32,0.37,1.6,0.6,57,0,0,0.45,8.8,160,33.5,2.7,191,370,770,67,1.11,1.23,6.3,0,Both,IFCT 2017; SL FCT 2021,Extremely high iron; high fiber; hypoglycaemic properties
IN081,Black Pepper Dried,Piper nigrum,Kali mirchi (Hi); Milagu (Ta); Gammiris (Si),Spices,Raw,100,10.5,255,1067,10.4,3.3,1.39,0.74,0.99,64.8,25.3,0.6,4.3,15,21.1,0.11,0.24,1.1,0.34,17,0,0,1.04,163.7,437,9.7,1.2,171,158,1329,44,1.33,12.75,4.9,0,Both,IFCT 2017; SL FCT 2021,Piperine increases bioavailability of other nutrients; high Mn and K
IN082,Cardamom Green,Elettaria cardamomum,Elaichi (Hi); Elakkai (Ta); Enasal (Si),Spices,Raw,100,8.3,311,1301,10.8,6.7,0.68,0.87,0.43,68.5,28,0,3.4,0,21,0.2,0.23,1.1,0.23,60,0,0,0.35,0,383,14,5,229,178,1119,18,0.38,28,0,0,Both,IFCT 2017,Very high manganese; high calcium; aromatic spice for chai
IN083,Cumin Seeds,Cuminum cyminum,Jeera (Hi); Jeeragam (Ta); Suduru (Si),Spices,Raw,100,8.1,375,1569,17.8,22.3,1.53,14.04,3.28,44.2,10.5,2.3,4.4,64,7.7,0.63,0.32,4.6,0.44,10,0,0,3.33,5.4,931,66.4,4.8,366,499,1788,168,0.87,3.33,5.2,0,Both,IFCT 2017; SL FCT 2021,Exceptional calcium (931 mg) and iron (66 mg); essential spice
IN084,Cloves,Syzygium aromaticum,Laung (Hi); Lavangam (Ta); Karabu (Si),Spices,Raw,100,6.9,274,1146,5.7,13,3.7,7.03,1.08,65.5,33.9,2.4,4.4,8,80.8,0.16,0.21,1.6,0.39,26,0,0,8.82,141.8,632,11.8,2.2,259,104,1020,277,0.37,60.1,7.2,0,Both,IFCT 2017,Extremely high manganese; high eugenol antibacterial compound
IN085,Mustard Seeds,Brassica juncea,Rai (Hi); Kadugu (Ta); Aba (Si),Spices,Raw,100,5.3,508,2126,26.1,36.2,2.2,20.04,11.45,28.1,12.2,6.1,4.5,22,70,0.81,0.26,4.7,0.4,162,0,0,5.07,5.4,266,9.5,6.1,238,828,738,13,0.65,2.45,208.1,0,Both,IFCT 2017,Very high selenium; high omega-3; glucosinolate content
IN086,Ginger Fresh,Zingiber officinale,Adrak (Hi); Inji (Ta); Inguru (Si),Spices,Raw,100,78.9,80,335,1.8,0.8,0.21,0.15,0.15,17.8,2,1.7,1.2,0,5,0.03,0.03,0.75,0.16,11,0,0,0.26,0.1,16,0.6,0.34,43,34,415,13,0.23,0.23,0.7,0,Both,IFCT 2017; SL FCT 2021,Gingerol anti-inflammatory; nausea-relieving compounds
IN087,Chilli Green Indian variety,Capsicum annuum,Hari mirch (Hi); Pachai milagai (Ta),Spices,Raw,100,89.8,29,121,1.9,0.4,0.04,0.01,0.19,6.7,1.5,3.8,0.6,44,109,0.09,0.06,0.5,0.26,15,0,0,0.69,13.2,14,0.8,0.24,22,40,340,7,0.1,0.17,0.5,0,India,IFCT 2017,High vitamin C; capsaicin content varies by variety
IN088,Star Anise,Illicium verum,Chakra phool (Hi); Takkolam (Ta),Spices,Raw,100,7.2,337,1410,17.6,15.9,0.4,5.78,3.11,50.4,14.6,0,4.4,5,21.1,0.34,0.29,5,0.22,10,0,0,5,0,646,36.9,5.3,170,440,1441,16,0.91,2.97,7.8,0,Both,IFCT 2017,Very high calcium and iron; anethole antibacterial
SL090,Buffalo Curd (Meekiri),Bubalus bubalis,Meekiri (Si); Eruma thayir (Ta),Milk Products,Raw,100,82.9,117,490,4.5,8,5.03,2.1,0.23,4.5,0,3.5,0.6,65,1,0.04,0.19,0.3,0.05,12,0.4,0.1,0.1,0.3,168,0.2,0.5,18,112,145,52,0.03,0.01,4.5,28,Sri Lanka,SL FCT 2021; 2025 Sri Lanka FCT paper,Traditional Sri Lankan buffalo curd; set in clay pots; higher fat than cow curd
SL091,Coconut Treacle Kithul,Caryota urens,Kithul pani (Si); Kithal panang karkandu (Ta),Sugars,Raw,100,18.2,320,1339,0.3,0.1,0.05,0.03,0.02,80.8,0,75.5,0.6,0,0,0.04,0.08,0.4,0.02,0,0,0,0.12,0,182,3.5,0.4,18,16,256,22,0.18,0.52,1.2,0,Sri Lanka,SL FCT 2021,Kithul palm treacle; high iron (3.5 mg); traditionally served with curd
IN090,Cow Milk Whole,Bos taurus,Doodh (Hi); Paal (Ta); Kiri (Si),Milk Products,Raw,100,88.1,68,285,3.3,4,2.37,1.1,0.12,4.7,0,4.7,0.7,46,1.5,0.04,0.17,0.1,0.04,5,0.4,0.1,0.11,0.3,123,0.1,0.4,13,97,160,48,0.01,0.01,2,11,India,IFCT 2017,Whole cow milk; good calcium and B12
IN091,Yogurt Plain Low Fat,Bos taurus,Dahi (Hi); Tayir (Ta),Milk Products,Raw,100,85.7,63,264,5.3,1.5,0.97,0.41,0.04,7,0,4,1,14,0.5,0.05,0.22,0.1,0.06,11,0.6,0.1,0.05,0.2,183,0.1,0.9,17,152,234,70,0.01,0.01,3.3,6,India,IFCT 2017,Fermented yogurt; high calcium and B12; probiotics
IN092,Paneer Indian Cottage Cheese,Bos taurus,Paneer (Hi/various),Milk Products,Raw,100,53.4,265,1109,18.3,20.8,13.07,5.74,0.63,1.2,0,0.8,2.3,160,0,0.01,0.36,0.1,0.08,7,0.8,0.1,0.21,0.3,480,0.2,2.6,22,414,102,27,0.02,0.01,14.6,66,India,IFCT 2017,High protein and calcium; low carbohydrate; vegetarian protein source
IN093,Buttermilk,Bos taurus,Chaas (Hi); Mor (Ta); Maduru kiri (Si),Milk Products,Raw,100,91.2,40,167,3.2,1,0.64,0.27,0.04,4.8,0,4.8,0.7,12,0.5,0.04,0.18,0.1,0.04,5,0.4,0,0.05,0.2,116,0.08,0.4,11,85,148,105,0.01,0.01,1.8,4,Both,IFCT 2017,Diluted yogurt; probiotic drink; digestive aid
IN094,Cow Milk Toned (3% fat),Bos taurus,Toned doodh (Hi),Milk Products,Raw,100,89.5,58,243,3.2,3,1.78,0.83,0.09,4.3,0,4.3,0.7,38,1.2,0.04,0.16,0.1,0.04,5,0.4,0.1,0.1,0.2,110,0.08,0.38,12,90,150,42,0.01,0.01,1.5,10,India,IFCT 2017,Standardized toned milk; widely consumed in India
IN095,Skimmed Milk Powder,Bos taurus,Skimmed milk powder (various),Milk Products,Raw,100,3.5,352,1473,36.2,0.5,0.32,0.14,0.02,52.2,0,52.2,8.2,5,5.5,0.35,1.9,0.9,0.4,40,4.2,0.8,0.08,0.2,1231,0.5,4,110,940,1610,535,0.06,0.03,16.2,15,India,IFCT 2017,Highly concentrated dairy nutrition; high calcium and B vitamins
SL100,Hen Egg Whole Raw,Gallus domesticus,Bittara (Si); Muttai (Ta),Eggs,Raw,100,76.1,143,599,12.6,9.5,2.95,3.66,1.24,1.1,0,0.4,1,160,0,0.09,0.45,0.1,0.17,47,1.2,1,1.05,0.3,56,1.8,1.1,12,172,134,142,0.07,0.03,31.7,373,Both,SL FCT 2021; IFCT 2017,Excellent B12 source; high-quality complete protein
SL101,Hen Egg Whole Boiled,Gallus domesticus,Bittara (Si); Muttai (Ta),Eggs,Cooked-Boiled,100,74.6,155,649,12.6,10.6,3.28,4.08,1.38,1.1,0,0.4,1,149,0,0.07,0.44,0.1,0.14,44,1.2,1,1.03,0.3,50,1.2,1.1,10,172,126,124,0.06,0.03,30.8,373,Both,SL FCT 2021; IFCT 2017,Hard-boiled egg; slight increase in fat percentage due to moisture loss
SL102,Egg White Raw,Gallus domesticus,Bittara sudu (Si); Muttai vellai (Ta),Eggs,Raw,100,87.8,52,218,10.8,0.1,0.02,0.01,0.04,0.7,0,0.5,0.6,0,0,0.02,0.43,0.1,0.01,4,0.09,0,0,0,7,0.1,0.02,9,13,148,166,0.02,0.01,20,0,Both,IFCT 2017,High biotin-binding avidin when raw; good-quality protein
SL103,Egg Yolk Raw,Gallus domesticus,Bittara kosu (Si); Muttai manjal (Ta),Eggs,Raw,100,48.8,317,1326,15.9,26.5,8.19,10.22,3.48,3.6,0,0.6,1.8,450,0,0.18,0.44,0.1,0.35,146,3.1,2.7,2.95,0.8,137,4.5,2.8,15,448,109,48,0.14,0.06,56,1085,Both,IFCT 2017,Very high cholesterol; very high in fat-soluble vitamins; choline-rich
IN096,Duck Egg Whole,Anas platyrhynchos,Batak anda (Hi); Bathu muttai (Ta),Eggs,Raw,100,70.8,185,774,13,13.8,3.68,6.52,1.59,1.5,0,1.5,1,674,0,0.16,0.4,0.2,0.25,80,3.8,1.7,1.24,0.4,64,3.8,1.4,17,220,222,146,0.07,0.05,36.4,884,India,IFCT 2017,Higher fat and vitamin A than chicken egg; also higher selenium
SL110,Chicken Broiler Flesh Raw,Gallus domesticus,Kukul mas (Si); Kozhi (Ta),Poultry,Raw,100,74.5,148,619,18.5,8.1,2.26,3.38,1.93,0,0,0,0.9,32,0,0.07,0.13,5.6,0.4,5,0.3,0.1,0.27,2.5,11,0.9,1.5,22,173,229,73,0.05,0.02,20.5,70,Both,SL FCT 2021; IFCT 2017,Raw chicken breast; high niacin and protein
SL111,Chicken Liver,Gallus domesticus,Kukul libba (Si); Kozhi eral (Ta),Poultry,Raw,100,69.7,172,720,26.5,4.8,1.58,1.05,0.95,0.73,0,0.73,1.5,3296,17.9,0.29,2.18,9.7,0.75,588,16.1,1.3,0.67,11.5,11,9,3.9,19,345,220,71,0.35,0.38,54.6,345,Both,IFCT 2017,Exceptionally high vitamin A and B12; very high iron and folate
IN110,Chicken Country Desi Raw,Gallus domesticus,Desi murgi (Hi); Nattu kozhi (Ta),Poultry,Raw,100,72.8,155,649,20.1,7.9,2.18,3.3,1.86,0,0,0,1,44,0,0.07,0.16,6.8,0.52,6,0.3,0.2,0.29,3,14,1.2,1.8,25,185,258,85,0.07,0.02,22,68,India,IFCT 2017,Country chicken; slightly higher protein; less fat than broiler
IN111,Turkey Flesh Raw,Meleagris gallopavo,Turkey (various),Poultry,Raw,100,73.8,131,548,18,6.6,2.18,2.3,1.52,0,0,0,0.8,0,0,0.08,0.12,3.8,0.6,8,1.2,0.1,0.2,3.2,12,1,3.1,30,200,278,72,0.1,0.02,28,60,India,IFCT 2017,Lean poultry; high selenium and zinc; good B12
SL120,Beef Lean Raw,Bos taurus,Gon mas (Si); Madu erachi (Ta),Meat,Raw,100,70.5,172,720,21.8,9.5,3.76,4.08,0.44,0,0,0,1,5,0,0.06,0.22,4.7,0.36,8,2.5,0.1,0.18,2.2,18,2.7,5,22,172,333,64,0.09,0.02,14.2,68,Sri Lanka,SL FCT 2021,Lean beef; high zinc and B12
SL121,Pork Lean Raw,Sus scrofa,Ura mas (Si); Panni erachi (Ta),Meat,Raw,100,71.5,166,694,21.1,9,3.1,4.05,0.89,0,0,0,1.1,5,0,0.8,0.28,5.4,0.46,5,0.8,0.1,0.36,2.2,18,1.1,2.4,22,200,362,62,0.05,0.01,32.4,71,Sri Lanka,SL FCT 2021,High thiamin (0.80 mg) and selenium
IN120,Mutton / Goat Meat Raw,Capra hircus,Bakri ka gosht (Hi); Aattu erachi (Ta); Ewu mas (Si),Meat,Raw,100,70.2,182,762,18.5,12.5,5.25,5.4,0.97,0,0,0,1,7,0,0.12,0.2,5.4,0.15,5,2.5,0.1,0.09,2.8,12,3,5.3,20,175,310,72,0.12,0.02,10.2,65,Both,IFCT 2017; SL FCT 2021,Common in both countries; good B12 and zinc
IN121,Lamb Liver Raw,Ovis aries,Gosht ka kaleja (Hi); Aattu eral (Ta),Meat,Raw,100,69.8,165,690,20.5,7.5,2.96,1.81,0.88,1.8,0,1.8,1.4,3770,14.7,0.35,4.68,15.9,0.49,298,76,0.6,0.53,4.8,7,6.8,5.5,18,350,220,80,0.42,0.42,66,330,India,IFCT 2017,Exceptional retinol and B12; very high iron and folate
IN122,Beef Liver Raw,Bos taurus,Gai ka kaleja (Hi); Madu eral (Ta),Meat,Raw,100,71.4,131,548,20.4,3.8,1.35,0.5,0.55,3.9,0,0.5,1.4,4810,23,0.26,3.43,12.9,0.99,260,59.3,0.6,0.63,5.5,5,6.5,5.5,18,360,314,70,0.42,0.25,32.4,263,India,IFCT 2017,Exceptionally high vitamin A (4810 碌g RAE); highest B12 source
SL130,Skipjack Tuna Raw,Katsuwonus pelamis,Balaiya (Si); Katsuwonus (Ta),Fish & Seafood,Raw,100,71.5,130,544,26,2.1,0.58,0.42,0.52,0,0,0,1.6,30,0,0.08,0.18,11.4,0.78,5,1.8,0.8,1,5.5,30,1.2,0.8,35,280,450,45,0.1,0.02,58.8,48,Sri Lanka,SL FCT 2021,Major tuna species in Sri Lanka; high niacin and selenium
SL131,Yellowfin Tuna Raw,Thunnus albacares,Kannadi balaiya (Si),Fish & Seafood,Raw,100,71,108,452,24.4,1,0.27,0.19,0.32,0,0,0,1.3,25,0,0.07,0.14,18.8,0.9,4,2.2,1,0.78,4.2,22,1,0.6,33,244,444,40,0.08,0.01,90.1,38,Sri Lanka,SL FCT 2021,High selenium (90 ug) and niacin
SL132,Seer Fish / Wahoo Raw,Scomberomorus commerson,Thora (Si); Vanjaram (Ta),Fish & Seafood,Raw,100,73.2,123,515,22.8,3.5,0.81,1.52,0.82,0,0,0,1.4,38,0,0.12,0.16,8.3,0.46,8,2,1,0.68,4,36,0.6,0.6,30,258,435,62,0.06,0.02,44.5,55,Sri Lanka,SL FCT 2021,Premium fish; good omega-3; popular in Sri Lanka
SL133,Dried Fish Sprat (Halmasso),Stolephorus spp.,Halmasso (Si); Nethili karuvaadu (Ta),Fish & Seafood,Raw,100,16.2,298,1247,59.1,5.5,1.62,1.88,1.4,0,0,0,19.2,10,0,0.05,0.31,14,0.42,18,4.5,2,0.45,5.5,2393,6.2,4.5,175,1485,1108,4620,0.4,0.18,112.5,145,Sri Lanka,SL FCT 2021,Extremely high calcium (2393 mg) from tiny bones; very high sodium from salting
SL134,Mudfish Freshwater Raw,Channa striata,Lula (Si); Viral meen (Ta),Fish & Seafood,Raw,100,75,112,469,22.5,2.8,0.62,0.88,0.58,0,0,0,1.5,28,0,0.06,0.12,4.8,0.22,5,1.2,0.5,0.55,3.2,428,1,1,30,215,385,55,0.05,0.02,25.5,55,Sri Lanka,SL FCT 2021,Very high calcium (428 mg) for a fresh fish
SL135,Prawn / Shrimp Raw,Penaeus spp.,Isso (Si); Iraal (Ta),Fish & Seafood,Raw,100,77.8,80,335,17.2,1.1,0.3,0.25,0.3,0,0,0,2,5,0,0.03,0.03,2,0.11,3,1.2,0.3,0.18,1.5,55,0.5,1.1,35,215,185,190,0.18,0.06,38,152,Sri Lanka,SL FCT 2021,Low calorie; high selenium
SL136,Crab Raw,Portunus pelagicus,Kakuluwo (Si); Nandu (Ta),Fish & Seafood,Raw,100,79.2,87,364,18.2,1.8,0.3,0.45,0.62,0,0,0,1.5,35,3.5,0.05,0.05,4.5,0.15,42,4.5,0.5,1.22,0.5,135,0.5,5.2,55,228,420,295,0.52,0.12,42,78,Sri Lanka,SL FCT 2021,Exceptional zinc (5.2 mg) and selenium; high B12; good calcium
SL137,Squid / Cuttlefish Raw,Sepia officinalis,Dello (Si); Kanava (Ta),Fish & Seafood,Raw,100,78.5,92,385,15.6,1.4,0.35,0.18,0.5,3.1,0,0.5,1.5,10,5,0.02,0.5,4.9,0.04,4,2,0.5,1.2,1.5,32,0.7,1.5,33,270,246,230,0.55,0.05,44.8,223,Sri Lanka,SL FCT 2021,High selenium; very low fat; moderate zinc
SL138,Sardine Sri Lankan,Sardinella longiceps,Salaya (Si); Chaalai (Ta),Fish & Seafood,Raw,100,68.5,150,628,22.8,7.2,2.12,2.28,1.88,0,0,0,1.5,45,0,0.12,0.22,5.8,0.28,10,8.5,5.2,0.82,5.5,382,2.8,1.5,32,420,380,95,0.25,0.08,46.8,85,Sri Lanka,SL FCT 2021,Very high calcium (382 mg) from edible bones; excellent B12 and omega-3
SL139,Trevally / Paraw Raw,Caranx spp.,Paraw (Si); Parai (Ta),Fish & Seafood,Raw,100,72.8,118,494,22.5,3.2,0.88,1.22,0.78,0,0,0,1.4,32,0,0.09,0.15,7.2,0.38,8,2.5,0.8,0.75,4.5,38,0.8,0.8,28,220,340,72,0.08,0.02,35.5,55,Sri Lanka,SL FCT 2021,Popular Sri Lankan sea fish; good omega-3 and selenium
IN130,Indian Mackerel Raw,Rastrelliger kanagurta,Bangda (Ma); Kanakappu (Ta); Kumbalawa (Si),Fish & Seafood,Raw,100,72,115,481,21.8,3.5,1.26,1.03,0.65,0,0,0,1.5,55,0,0.06,0.24,5.4,0.5,8,5.8,1.2,0.85,4.5,65,1.4,0.8,28,218,318,78,0.11,0.05,44,75,Both,IFCT 2017; SL FCT 2021,High B12 (5.8 ug); affordable omega-3 source
IN131,Hilsa / Ilish Raw,Tenualosa ilisha,Hilsa (Hi); Illish (Be),Fish & Seafood,Raw,100,68.8,195,816,21.8,12,4,4.82,2.12,0,0,0,1.4,86,0,0.12,0.28,5.6,0.28,8,9.8,1.5,2.14,8.5,181,0.9,1,30,252,369,80,0.08,0.04,28.5,81,India,IFCT 2017,Highest omega-3 among Indian river fish; high B12
IN132,Pomfret Raw,Pampus argenteus,Paplet (Ma); Vavval (Ta); Pamprettaya (Si),Fish & Seafood,Raw,100,76.2,106,444,19.5,3.2,1,1.2,0.6,0,0,0,1.5,55,0,0.1,0.18,3.5,0.4,5,3.5,0.8,0.78,5.5,38,0.7,0.5,25,218,285,82,0.1,0.02,38.5,55,Both,IFCT 2017,Premium white fish; good B12 and omega-3
IN133,Rohu / Rohita Raw,Labeo rohita,Rohu (Hi/Be); Thirukkolai (Ta),Fish & Seafood,Raw,100,77.2,112,469,16.6,3.5,1.2,1.1,0.85,1.5,0,0,1.5,32,0.5,0.4,0.12,3.6,0.15,15,2,0.8,0.62,2.8,650,1.5,0.9,28,165,320,62,0.08,0.03,12.8,65,India,IFCT 2017,Very high calcium (650 mg) for a freshwater fish
SL191,Maldive Fish Dried Tuna,Katsuwonus pelamis,Umbalakadda (Si); Maldive fish (Ta),Fish & Seafood,Raw,100,12.5,345,1443,68.2,4.5,1.25,1.54,1.14,0,0,0,15.8,0,0,0.05,0.3,14.5,0.62,8,5.5,1.5,0.55,5.2,145,8.5,5.8,185,1260,1580,3850,0.38,0.15,125,125,Sri Lanka,SL FCT 2021,Fermented cured dried tuna; essential Sri Lankan condiment; very high sodium and protein
SL140,Fish Curry Coconut Milk Based,Various,Malu curry (Si); Meen curry (Ta),Cooked Dishes,Cooked-Recipe,100,72.8,130,544,14.5,7.2,5.8,0.85,0.35,2.8,0.5,1.2,2.2,25,3.5,0.06,0.1,4.5,0.3,8,1.5,0.8,0.55,3.8,28,0.8,0.7,24,180,310,285,0.09,0.06,30.5,38,Sri Lanka,2025 Sri Lanka FCT paper,Generic coconut milk fish curry; sodium from added salt
SL141,Chicken Curry Sri Lankan Style,Gallus domesticus,Kukul mas curry (Si); Kozhi curry (Ta),Cooked Dishes,Cooked-Recipe,100,68.5,165,690,17.2,9.8,4.55,3.42,1.28,3.5,0.8,1.5,1.5,38,4.8,0.07,0.15,4.8,0.35,8,0.3,0.1,0.55,3.8,32,1.5,1.8,22,150,285,340,0.1,0.08,18.5,52,Sri Lanka,2025 Sri Lanka FCT paper,Sri Lankan chicken curry with coconut milk and roasted spices
SL142,Beef Curry,Bos taurus,Gon mas curry (Si); Madu erachi curry (Ta),Cooked Dishes,Cooked-Recipe,100,66.5,182,762,18.2,11.2,5.8,3.85,0.62,2.5,0.5,1.2,1.5,12,3.8,0.05,0.18,3.8,0.28,5,1.8,0.1,0.25,3.2,22,2.2,4.2,18,148,268,355,0.08,0.05,12.5,55,Sri Lanka,2025 Sri Lanka FCT paper,Sri Lankan beef curry with spices and coconut milk
SL143,Green Jak Curry (Polos),Artocarpus heterophyllus,Polos curry (Si); Pala curry (Ta),Cooked Dishes,Cooked-Recipe,100,77.5,88,368,1.8,4.2,3.58,0.38,0.12,14.8,2,5.5,1.5,8,5.5,0.05,0.05,0.5,0.12,15,0,0,0.3,1.5,28,0.8,0.5,25,28,215,185,0.09,0.14,0.8,0,Sri Lanka,2025 Sri Lanka FCT paper,Unripe jackfruit curry; vegan meat-substitute texture
SL144,Breadfruit Curry,Artocarpus altilis,Del curry (Si),Cooked Dishes,Cooked-Recipe,100,76.2,98,410,1.2,4.8,4.12,0.4,0.14,16.2,2.5,4.8,1.8,5,5,0.08,0.05,0.7,0.12,18,0,0,0.15,0.8,20,0.5,0.4,22,32,485,210,0.08,0.12,0.5,0,Sri Lanka,2025 Sri Lanka FCT paper,Rich in potassium; coconut milk based curry
SL145,Watalappan,Various,Watalappan (Si/Ta),Cooked Dishes,Cooked-Recipe,100,44.5,280,1172,6.5,10.5,7.35,1.85,0.38,38.5,0.5,35,0.8,75,0.5,0.05,0.18,0.5,0.08,22,0.4,0.4,0.28,0.8,88,2.8,0.8,28,118,295,65,0.22,0.38,8.2,102,Sri Lanka,2025 Sri Lanka FCT paper,Steamed coconut milk and jaggery pudding with eggs; Malay-Sri Lankan dessert
SL146,Dhal Curry (Moong),Vigna radiata,Mung parippu curry (Si); Pachai payaru (Ta),Cooked Dishes,Cooked-Recipe,100,78.5,88,368,5.8,2.2,1.85,0.2,0.06,10.2,2,1.5,1,8,1.8,0.07,0.06,0.8,0.1,22,0,0,0.18,2,38,1.5,0.7,20,78,155,262,0.1,0.32,2.5,0,Sri Lanka,SL FCT 2021,Cooked mung bean curry; lighter than red lentil dhal
SL147,Ash Plantain Curry,Musa paradisiaca,Alukesel curry (Si); Vazhakkai curry (Ta),Cooked Dishes,Cooked-Recipe,100,75.8,98,410,1.2,4.8,4.1,0.4,0.14,17.5,2.2,3.8,1.2,5,6.5,0.04,0.04,0.7,0.22,12,0,0,0.12,0.5,12,0.5,0.2,32,28,325,185,0.09,0.22,1.2,0,Sri Lanka,2025 Sri Lanka FCT paper,Unripe banana curry with coconut milk; excellent potassium source
SL148,Mussel Curry,Perna viridis,Kurussa curry (Si); Kadamba curry (Ta),Cooked Dishes,Cooked-Recipe,100,74.2,112,469,10.5,5.5,3.8,1.25,0.48,5.8,0.5,1.5,2.2,55,3.5,0.08,0.18,2.5,0.08,15,8.5,0.5,1.05,5.5,88,4.5,1.5,42,188,242,388,0.28,0.18,35.2,55,Sri Lanka,SL FCT 2021,Green mussel curry; high zinc and B12; good selenium
SL170,Pol Roti Coconut Flatbread,Triticum aestivum / Cocos nucifera,Pol roti (Si); Pol rotti (Ta),Cooked Dishes,Cooked-Recipe,100,35.2,278,1163,5.8,12.5,10.68,0.95,0.28,43.8,2.5,1.8,1.2,2,0.8,0.08,0.06,0.9,0.08,8,0,0,0.15,1.2,18,0.8,0.7,20,68,145,152,0.15,0.48,4.5,0,Sri Lanka,2025 Sri Lanka FCT paper,Coconut flatbread griddle-fried; popular Sri Lankan breakfast
SL171,Lamprais (Lomprijst),Various,Lamprais (Si),Cooked Dishes,Cooked-Recipe,100,50.2,225,942,10.5,10.2,4.88,3.55,1.18,28,1.2,2.5,1.5,38,3.5,0.12,0.15,3.8,0.28,15,0.4,0.2,0.62,4.2,32,1.8,1.5,25,138,285,320,0.12,0.45,18.5,35,Sri Lanka,2025 Sri Lanka FCT paper,Dutch-Burger dish: rice with curries ash plantain frikkadels in banana leaf
SL172,Wambatu Moju Brinjal Pickle,Solanum melongena,Wambatu moju (Si),Cooked Dishes,Cooked-Recipe,100,62.5,185,774,2.8,14.2,1.75,5.28,5.88,17.5,3.5,12.8,2.8,8,5,0.08,0.06,1.2,0.1,18,0,0,1.35,4.5,32,0.8,0.5,22,58,285,288,0.12,0.35,0.8,0,Sri Lanka,2025 Sri Lanka FCT paper,Fried brinjal pickle with mustard onion and vinegar
SL173,Mung Bean Curry (Me Thampalaya),Vigna radiata,Me thampalaya (Si),Cooked Dishes,Cooked-Recipe,100,74.5,102,427,6.2,3.8,3.22,0.35,0.12,12.8,2.2,2.5,1.5,12,5.5,0.08,0.07,1,0.1,28,0,0,0.2,2.2,45,1.8,0.8,22,88,175,245,0.12,0.35,3.2,0,Sri Lanka,SL FCT 2021,Sri Lankan sprouted mung bean curry; high nutrient density
SL174,Potato Curry,Solanum tuberosum,Ala curry (Si); Urulaikizhangu curry (Ta),Cooked Dishes,Cooked-Recipe,100,76.5,95,398,1.8,4.5,3.85,0.42,0.14,15.5,2,4.5,1.2,5,8.5,0.08,0.04,1.1,0.22,12,0,0,0.08,1.5,18,0.6,0.3,18,42,345,195,0.1,0.12,0.5,0,Sri Lanka,SL FCT 2021,Potato cooked in coconut milk gravy; popular side dish
SL190,Seeni Sambol Caramelized Onion,Allium cepa,Seeni sambol (Si); Vengaya sambal (Ta),Cooked Dishes,Cooked-Recipe,100,45.8,198,829,3.2,10.5,8.65,1.05,0.28,28.5,2.2,22,2.5,12,8.5,0.06,0.05,0.5,0.1,14,0,0,0.22,2.2,32,1.2,0.4,18,52,228,318,0.1,0.22,0.8,0,Sri Lanka,2025 Sri Lanka FCT paper,Caramelized onions with Maldive fish chilli and coconut oil
SL200,Jak Rice (Dambala),Artocarpus heterophyllus + Oryza sativa,Dambala (Si),Cooked Dishes,Cooked-Recipe,100,63.2,152,636,3.2,2.8,2.4,0.25,0.08,29.5,1.8,8.5,1.2,12,8,0.06,0.05,0.6,0.18,15,0,0,0.28,0.8,22,0.5,0.4,22,45,285,188,0.08,0.18,0.5,0,Sri Lanka,2025 Sri Lanka FCT paper,Sri Lankan rice cooked with ripe jackfruit pieces; sweet-savory
SL210,Ela Batu Curry Aubergine,Solanum melongena,Ela batu curry (Si),Cooked Dishes,Cooked-Recipe,100,80.5,88,368,1.8,5.8,4.98,0.48,0.18,9.8,2.8,4.5,1.8,5,4.5,0.06,0.04,0.7,0.08,16,0,0,0.52,3.8,22,0.5,0.3,18,48,225,225,0.1,0.28,0.5,0,Sri Lanka,2025 Sri Lanka FCT paper,Sri Lankan aubergine curry in coconut milk
SL211,Lunu Dehi Lime Pickle,Citrus aurantiifolia,Lunu dehi (Si); Elumichai oorugai (Ta),Cooked Dishes,Cooked-Recipe,100,64.5,62,259,1.2,0.5,0.1,0.11,0.15,12.5,3.2,6.8,21.8,5,28.5,0.04,0.02,0.3,0.05,8,0,0,0.24,1.5,82,0.5,0.2,10,15,138,4550,0.05,0.04,0.3,0,Sri Lanka,2025 Sri Lanka FCT paper,Fermented salted lime pickle; extremely high sodium (4550 mg); small portions consumed
SL212,Kiri Hodi (White Coconut Curry),Cocos nucifera,Kiri hodi (Si); Thengai kuzhamba (Ta),Cooked Dishes,Cooked-Recipe,100,77.5,95,398,1.8,7.5,6.62,0.68,0.18,5.2,0.5,2.5,1.5,5,2.5,0.04,0.04,0.5,0.05,8,0,0,0.12,0.5,18,0.5,0.4,12,35,155,285,0.1,0.12,1.5,0,Sri Lanka,SL FCT 2021,White coconut gravy curry; basic accompaniment; no turmeric
SL213,Devilled Beef,Bos taurus,Devilled beef (Si/Ta),Cooked Dishes,Cooked-Recipe,100,58.2,228,954,18.5,14.2,5.82,5.85,0.95,7.5,0.5,3.5,1.8,42,12.5,0.06,0.2,4.2,0.32,5,1.8,0.1,0.35,3.8,28,2.5,4.5,18,155,285,425,0.08,0.05,14.5,68,Sri Lanka,2025 Sri Lanka FCT paper,Stir-fried beef with onions capsicum and spices; Sri Lankan-Dutch influence
SL214,Lampries Frikkadel,Various,Frikkadel (Si),Cooked Dishes,Cooked-Recipe,100,52.8,245,1025,15.8,15.5,5.95,6.58,1.98,10.5,0.8,2.5,1.5,42,2.5,0.2,0.22,4.5,0.28,10,1.5,0.1,0.58,4.5,42,2.8,2.2,22,168,268,485,0.12,0.08,18.5,68,Sri Lanka,2025 Sri Lanka FCT paper,Dutch-Burgher beef and pork meatballs; component of lamprais
IN140,Idli Steamed Rice-Lentil Cake,Oryza sativa / Vigna mungo,Idli (Ta/Ka/Te),Cooked Dishes,Cooked-Recipe,100,60.5,132,552,4.5,0.4,0.06,0.1,0.17,27.8,1.3,0.5,0.6,0,0,0.04,0.03,0.4,0.04,8,0,0,0.05,0.2,14,0.5,0.5,16,52,65,258,0.08,0.38,4.2,0,India,IFCT 2017,Fermented steamed cake; light and easily digestible
IN141,Dosa Plain,Oryza sativa / Vigna mungo,Dosai (Ta); Dose (Ka),Cooked Dishes,Cooked-Recipe,100,48,173,724,5.2,2.8,0.42,0.9,0.98,38.5,1.2,1,0.9,0,0,0.05,0.04,0.6,0.06,12,0,0,0.08,0.5,20,0.7,0.8,18,72,80,215,0.1,0.42,5.5,0,India,IFCT 2017,Fermented rice-lentil crepe pan-fried
IN142,Sambar Lentil Vegetable Stew,Cajanus cajan / Lens culinaris,Sambar (Ta); Sambhar (Hi),Cooked Dishes,Cooked-Recipe,100,83.8,55,230,3.2,1.5,0.28,0.42,0.32,8.5,2.2,2.8,1.5,35,12.5,0.07,0.05,0.8,0.1,18,0,0,0.38,5.8,42,1.2,0.5,25,52,185,328,0.1,0.28,2.5,0,India,IFCT 2017,Toor dal vegetable stew eaten with idli/dosa/rice
IN143,Chapati / Roti Whole Wheat,Triticum aestivum,Chapati (Hi); Chappathi (Ta),Cooked Dishes,Cooked-Recipe,100,33,259,1084,8.2,4,0.62,1.66,1.34,49,4,1.5,1.5,3,0,0.2,0.1,2.1,0.15,24,0,0,0.38,1,35,2.2,1.4,68,168,206,268,0.23,1.52,32.5,0,India,IFCT 2017,Whole wheat flatbread; high fiber versus maida roti
IN144,Rajma Red Kidney Bean Curry,Phaseolus vulgaris,Rajma (Hi/Pu),Cooked Dishes,Cooked-Recipe,100,67,152,636,9.8,3.8,0.65,1.28,0.95,21.5,6.5,2,2.5,5,3,0.12,0.08,0.9,0.15,52,0,0,0.25,2.5,58,2.8,1.5,52,145,415,298,0.22,0.65,3.2,0,India,IFCT 2017,North Indian red kidney bean curry; very high folate and potassium
IN145,Dal Makhani,Vigna mungo / Phaseolus vulgaris,Dal makhani (Hi/Pu),Cooked Dishes,Cooked-Recipe,100,68.8,145,607,6.8,7.2,4.12,1.98,0.58,15.8,4.5,1.8,1.5,52,1.5,0.08,0.12,0.8,0.12,35,0.2,0.1,0.25,2.5,88,2.8,1.2,55,118,295,348,0.18,0.55,3.5,12,India,IFCT 2017,Slow-cooked black urad dal with butter and cream; North Indian classic
IN146,Biryani Chicken,Gallus domesticus / Oryza sativa,Biryani (Hi/Ta/various),Cooked Dishes,Cooked-Recipe,100,55.8,198,829,12.5,8.2,2.48,3.5,1.52,22.5,0.8,1.5,1.2,38,2.5,0.08,0.12,3.5,0.25,12,0.2,0.2,0.45,3.5,28,1.2,1.5,22,128,215,385,0.08,0.35,15.2,42,India,IFCT 2017,Spiced rice with chicken; composite dish
IN147,Palak Paneer,Spinacia oleracea / Bos taurus,Palak paneer (Hi),Cooked Dishes,Cooked-Recipe,100,71.8,148,619,8.5,9.8,5.42,3.12,0.88,7.2,2.5,2.2,2,388,12.5,0.06,0.22,0.8,0.15,82,0.4,0.1,1.2,248,255,1.2,1.5,58,148,302,255,0.1,0.48,4.8,22,India,IFCT 2017,Spinach with paneer cheese; high calcium and beta-carotene
IN148,Malai Kofta,Various,Malai kofta (Hi),Cooked Dishes,Cooked-Recipe,100,58.5,248,1038,8.2,18.5,9.82,6.15,1.58,15.8,1.5,3.5,2,148,2.5,0.06,0.22,1.2,0.12,18,0.5,0.2,0.85,5.5,152,1.2,1.2,22,118,258,355,0.08,0.25,8.5,45,India,IFCT 2017,Fried paneer and potato dumplings in cream sauce; North Indian vegetarian
IN149,Pongal Rice Lentil South Indian,Oryza sativa / Vigna mungo,Pongal (Ta); Huggi (Ka),Cooked Dishes,Cooked-Recipe,100,68.5,128,536,5.2,4.5,1.85,2.05,0.42,19.8,1.5,0.5,0.8,5,0,0.08,0.06,0.8,0.08,18,0,0,0.18,0.5,22,0.8,0.7,22,80,155,285,0.12,0.48,4.5,0,India,IFCT 2017,Rice and lentil porridge with ghee and spices; South Indian comfort food
IN150,Masala Chai with Milk,Camellia sinensis,Masala chai (Hi),Beverages,Cooked-Recipe,100,89.5,42,176,1.6,1.5,0.89,0.41,0.05,5.8,0,4.8,0.3,18,0.5,0.02,0.09,0.1,0.02,3,0.1,0.05,0.04,0.1,48,0,0.2,5,38,80,22,0,0,0.8,4,India,IFCT 2017,Spiced milk tea; values are for prepared beverage with whole milk
IN151,Lassi Sweet,Bos taurus,Lassi (Hi/Pu),Beverages,Cooked-Recipe,100,84.5,72,301,3.5,2.5,1.58,0.68,0.08,9.2,0,8.5,0.5,15,0.5,0.04,0.18,0.1,0.04,5,0.3,0,0.05,0.2,122,0.08,0.4,14,95,185,55,0.01,0.01,2.5,8,India,IFCT 2017,Yogurt-based drink; good calcium; probiotic
IN152,Nimbu Pani Lemonade,Citrus aurantiifolia,Nimbu pani (Hi); Elumicha juice (Ta),Beverages,Cooked-Recipe,100,93.5,25,105,0.2,0.1,0.01,0.01,0.04,6.2,0.2,5.5,0.3,2,15.8,0.01,0.01,0.1,0.02,4,0,0,0.05,0.1,8,0.1,0.1,2,5,48,2,0.02,0.01,0.1,0,India,IFCT 2017,Freshly squeezed lemon in water with sugar; refreshing summer drink
SL150,Thambili King Coconut Water,Cocos nucifera var. aurantiaca,Thambili (Si/Ta),Beverages,Raw,100,94.8,22,92,0.5,0.1,0.08,0.01,0.01,4.5,0,4.5,0.4,0,2.4,0.04,0.06,0.1,0.06,0,0,0,0.04,0,25,0.1,0.2,11,20,258,65,0.08,0.14,0.2,0,Sri Lanka,SL FCT 2021,Sri Lanka king coconut water; high electrolytes; natural hydration drink
SL151,Coconut Water Brown Coconut,Cocos nucifera,Pol watura (Si),Beverages,Raw,100,94.6,19,79,0.7,0.2,0.18,0.01,0.01,3.7,1.1,2.6,0.5,0,2.4,0.03,0.06,0.1,0.08,0,0,0,0.1,0,24,0.3,0.2,25,20,250,105,0.08,0.14,1,0,Sri Lanka,SL FCT 2021,Water from mature brown coconut; slightly more fat than king coconut
SL152,Herbal Tea Belimal,Aegle marmelos / Cassia spp.,Belimal tea (Si),Beverages,Cooked-Recipe,100,98.5,5,21,0.2,0,0,0,0,1.2,0.1,0.5,0.1,2,0.5,0.01,0.01,0.1,0.01,2,0,0,0.02,0.5,12,0.1,0.1,4,4,28,2,0.01,0.01,0.1,0,Sri Lanka,SL FCT 2021,Traditional Sri Lankan herbal tea; digestive properties
SL160,Jaggery Kithul Palm,Caryota urens,Kithul hakuru (Si); Panai vellam (Ta),Sugars,Raw,100,8,380,1590,0.4,0.1,0.03,0.02,0.01,91.5,0,85,0.5,0,0,0.01,0.03,0.2,0.01,0,0,0,0.04,0,120,10.5,0.3,52,40,985,58,0.22,0.18,1.8,0,Sri Lanka,SL FCT 2021,Kithul jaggery; much higher iron than cane sugar; high potassium
SL161,Jaggery Coconut Palm,Cocos nucifera,Pol hakuru (Si); Karupatti (Ta),Sugars,Raw,100,6,383,1602,0.2,0,0.01,0,0,93,0,88,0.8,0,0,0.01,0.03,0.1,0.01,0,0,0,0.02,0,95,2.8,0.2,28,30,280,45,0.15,0.12,1.2,0,Sri Lanka,SL FCT 2021,Coconut palm jaggery; used in traditional Sri Lankan sweets
IN160,Sugarcane Jaggery Gur,Saccharum officinarum,Gur (Hi); Vellam (Ta),Sugars,Raw,100,5,383,1602,0.2,0.1,0.03,0.02,0.02,93.8,0,88,1.2,0,0,0.01,0.06,0.3,0.01,0,0,0,0.04,0,80,11.4,0.3,70,40,1050,28,0.14,0.16,1.5,0,India,IFCT 2017,Sugarcane jaggery; remarkably high iron versus refined sugar
IN161,Honey,Apis mellifera,Shahad (Hi); Thean (Ta); Mee pani (Si),Sugars,Raw,100,17.1,304,1272,0.3,0,0,0,0,82.4,0.2,82.1,0.2,0,0.5,0,0.04,0.1,0.02,2,0,0,0,0.1,6,0.4,0.2,2,4,52,4,0.04,0.08,0.8,0,Both,IFCT 2017,Raw honey; antibacterial compounds; natural sweetener
IN162,White Refined Sugar,Saccharum officinarum,Chini (Hi); Sarkarai (Ta); Sini (Si),Sugars,Raw,100,0.5,399,1669,0,0,0,0,0,99.5,0,99.5,0,0,0,0,0,0,0,0,0,0,0,0,2,0.01,0,0,0,2,1,0,0,0.6,0,Both,IFCT 2017,Refined sucrose; negligible nutrients; empty calories
IN163,Brown Sugar,Saccharum officinarum,Brown sugar (various),Sugars,Raw,100,1.5,380,1590,0.1,0,0,0,0,98,0,97.8,0.2,0,0,0.01,0.02,0.1,0,0,0,0,0,0,85,1.2,0.1,22,15,268,28,0.08,0.12,0.6,0,Both,IFCT 2017,Partially refined sugar retaining some molasses minerals
SL180,Pol Aluwa Coconut Candy,Cocos nucifera,Pol aluwa (Si),Sweets,Cooked-Recipe,100,6.2,432,1808,2.8,18.5,16.4,0.78,0.22,72.8,3.5,65,0.8,2,0.5,0.04,0.04,0.4,0.03,10,0,0,0.12,0.2,18,1.5,0.6,18,62,185,28,0.12,0.58,3.2,0,Sri Lanka,2025 Sri Lanka FCT paper,Traditional Sri Lankan coconut candy with jaggery and rice flour
SL181,Kavum Oil Cake,Oryza sativa / Cocos nucifera,Kavum (Si),Sweets,Cooked-Recipe,100,15.8,398,1665,4.5,18.5,15.68,1.55,0.48,62.8,0.8,22,1,2,0.5,0.05,0.05,0.5,0.04,8,0,0,0.1,0.2,12,0.8,0.4,15,48,128,18,0.08,0.42,2.8,0,Sri Lanka,2025 Sri Lanka FCT paper,Deep-fried rice-flour and treacle cake; traditional Sri Lankan New Year sweet
SL182,Kokis Sri Lankan Rosette,Rice flour / Cocos nucifera,Kokis (Si),Sweets,Cooked-Recipe,100,5.5,485,2030,4.2,25.5,22.15,1.95,0.65,65,0.6,18,0.8,2,0,0.06,0.05,0.5,0.04,8,0,0,0.12,0.2,14,0.8,0.5,12,52,115,18,0.1,0.45,3.5,0,Sri Lanka,2025 Sri Lanka FCT paper,Deep-fried lacy rosette cookie; Dutch-Sri Lankan heritage; traditional New Year sweet
SL183,Pani Walalu,Urad dal / Kithul treacle,Pani walalu (Si),Sweets,Cooked-Recipe,100,22.5,358,1498,8.5,12.5,10.52,1.05,0.28,55.5,1.5,42,1,2,0,0.25,0.12,0.8,0.12,28,0,0,0.15,1.2,55,3.8,1.8,35,98,248,22,0.42,0.62,5.8,0,Sri Lanka,2025 Sri Lanka FCT paper,Deep-fried urad ring in kithul treacle; traditional sweet; good protein
SL184,Dodol (Sri Lankan Toffee),Cocos nucifera / Rice flour,Dodol (Si/Ta),Sweets,Cooked-Recipe,100,18.5,382,1599,2.2,12.5,10.85,0.95,0.25,65.5,2.5,58,1.2,2,0.5,0.04,0.05,0.4,0.04,8,0,0,0.12,0.2,28,2.2,0.4,22,42,215,25,0.12,0.42,3.5,0,Sri Lanka,SL FCT 2021,Sticky coconut toffee; popular festive sweet; very high sugar
IN190,Besan Ladoo,Cicer arietinum,Besan ladoo (Hi); Kadalai maav laddu (Ta),Sweets,Cooked-Recipe,100,5.8,468,1959,10.5,22.5,10.28,8.05,2.72,60.8,3.2,42,1.5,82,0,0.2,0.12,0.8,0.12,42,0.1,0.05,0.45,0.5,55,2.8,1.5,55,182,285,22,0.48,0.88,5.5,28,India,IFCT 2017,Chickpea flour sweet balls with ghee and sugar
IN191,Khichdi Rice-Lentil,Oryza sativa / Lens culinaris,Khichdi (Hi); Pongal (Ta),Cooked Dishes,Cooked-Recipe,100,72.5,112,469,4.8,2,0.65,0.8,0.38,19.8,1.5,0.8,0.8,5,1.5,0.08,0.05,0.8,0.08,18,0,0,0.15,0.5,18,1,0.6,18,72,145,265,0.1,0.32,3.5,0,India,IFCT 2017,Classic rice-lentil porridge; easily digestible; comfort and weaning food
IN192,Upma Semolina,Triticum durum,Upma (Ka/Ta); Rava upma (Hi),Cooked Dishes,Cooked-Recipe,100,66.5,148,619,4.2,5.5,0.82,2.28,1.85,22.5,1.5,0.8,1.2,12,5.5,0.12,0.05,1.2,0.05,28,0,0,0.15,0.5,18,1.5,0.5,18,62,95,285,0.08,0.28,12.5,0,India,IFCT 2017,Savory semolina porridge with vegetables and tempering
IN193,Poha Flattened Rice Cooked,Oryza sativa,Poha (Hi); Aval upma (Ta),Cooked Dishes,Cooked-Recipe,100,62.5,145,607,3.2,3.5,0.55,1.42,1.25,28.5,0.8,0.5,1.2,5,8.5,0.04,0.04,1.8,0.1,8,0,0,0.05,0.2,8,0.5,0.5,14,58,145,188,0.1,0.68,3.5,0,India,IFCT 2017,Beaten rice stir-fried with peanuts vegetables and spices
IN194,Halwa Gajar Carrot,Daucus carota,Gajar halwa (Hi); Carrot halwa (various),Sweets,Cooked-Recipe,100,42.5,248,1038,4.5,12.5,7.85,3.42,0.48,38.5,1.5,32,0.8,248,2.5,0.04,0.15,0.5,0.08,8,0.2,0.1,0.45,0.5,98,0.8,0.5,12,78,152,55,0.05,0.15,2.5,28,India,IFCT 2017,Carrot milk and sugar dessert; high beta-carotene
IN195,Kheer Rice Pudding,Oryza sativa / Bos taurus,Kheer (Hi); Payasam (Ta/Ma),Sweets,Cooked-Recipe,100,65.5,148,619,4.5,5.2,3.22,1.48,0.18,24.2,0.2,20.5,0.8,55,0.8,0.04,0.18,0.3,0.04,5,0.3,0.1,0.08,0.2,128,0.2,0.5,12,88,178,52,0.02,0.08,2.5,15,India,IFCT 2017,Rice cooked in milk and sugar; high calcium; festival dessert
IN196,Gulab Jamun,Milk solids / Various,Gulab jamun (Hi/various),Sweets,Cooked-Recipe,100,30.5,382,1599,6.2,18.5,10.82,5.85,0.88,44.2,0.5,36,0.5,82,0,0.04,0.18,0.3,0.04,8,0.2,0.1,0.32,0.5,188,0.5,0.5,10,155,185,42,0.05,0.08,5.5,45,India,IFCT 2017,Deep-fried milk-solid dumplings in sugar syrup; very high sugar
IN200,Rasam Tamarind Pepper Soup,Various,Rasam (Ta); Chaaru (Te),Cooked Dishes,Cooked-Recipe,100,93.5,20,84,0.8,0.5,0.1,0.2,0.12,3.5,0.5,1.5,1.5,5,5,0.02,0.02,0.3,0.04,5,0,0,0.12,0.5,15,0.5,0.2,8,18,120,328,0.06,0.12,0.5,0,India,IFCT 2017,Thin tamarind-pepper soup; digestive properties
IN201,Curd Rice,Oryza sativa / Bos taurus,Thayir sadam (Ta); Dahi chawal (Hi),Cooked Dishes,Cooked-Recipe,100,68.5,118,494,4.2,2.8,1.65,0.8,0.1,20.2,0.3,2.5,0.7,15,0.5,0.03,0.15,0.2,0.05,5,0.4,0.05,0.06,0.3,78,0.2,0.5,10,72,108,245,0.03,0.25,2.5,5,India,IFCT 2017,Yogurt mixed with rice; cooling dish; South Indian staple
IN202,Aviyal Mixed Vegetable,Various,Aviyal (Ma/Ta/Ka),Cooked Dishes,Cooked-Recipe,100,77.5,98,410,2.5,5.5,4.72,0.45,0.18,12.2,3.2,4.5,2.2,158,22.5,0.06,0.08,0.8,0.12,22,0,0,0.55,8.5,42,0.8,0.5,22,48,285,145,0.1,0.22,1.8,0,India,IFCT 2017,Mixed vegetable curry with coconut; Kerala/Tamil dish; good beta-carotene
IN203,Coconut Chutney,Cocos nucifera,Coconut chutney (Ta/Ka/Si),Cooked Dishes,Cooked-Recipe,100,64.5,208,870,2.8,18.5,16.22,0.88,0.25,12.5,4.5,3.5,2.2,2,4.5,0.05,0.02,0.5,0.05,12,0,0,0.18,0.2,12,1.2,0.7,22,72,215,145,0.28,0.88,5.5,0,Both,IFCT 2017,Fresh coconut chutney with coriander and chilli; accompaniment to idli/dosa
IN204,Tomato Chutney,Solanum lycopersicum,Tamatar chutney (Hi); Thakkali thokku (Ta),Cooked Dishes,Cooked-Recipe,100,82.5,68,284,1.8,3.5,0.52,1.45,1.18,10.5,2.5,6.5,1.5,88,18.5,0.06,0.05,0.8,0.12,15,0,0,1.45,8.5,22,0.8,0.3,18,42,285,325,0.1,0.25,0.8,0,India,IFCT 2017,Cooked tomato relish; high lycopene; common condiment
IN205,Mango Pickle (Achar),Mangifera indica,Aam ka achar (Hi); Manga oorugai (Ta); Amba achar (Si),Cooked Dishes,Cooked-Recipe,100,52.5,148,619,1.5,10.5,1.52,4.85,3.28,15.5,5.5,8.5,15.2,95,8.5,0.05,0.05,0.5,0.08,12,0,0,2.5,5.5,22,2.2,0.5,18,28,185,5250,0.12,0.22,0.8,0,Both,IFCT 2017,Salt-cured mango pickle; extremely high sodium; pungent condiment
IN206,Papad / Papadum,Vigna mungo,Papad (Hi); Pappadam (Ta); Papadam (Si),Cooked Dishes,Raw,100,6.5,352,1473,22.5,1.5,0.22,0.4,0.62,65.5,1.8,1.5,6.5,5,2,0.32,0.2,1.5,0.22,175,0,0,0.2,10.5,112,3.5,2.5,195,325,788,2500,0.88,1.25,12.5,0,Both,IFCT 2017,Sun-dried and fried lentil cracker; very high sodium when salted
IN207,Appam Kerala,Oryza sativa / Cocos nucifera,Appam (Ma/Ta); Appa (Si),Cooked Dishes,Cooked-Recipe,100,55.2,182,762,4.5,5.8,5.05,0.42,0.14,33.5,0.8,3.5,0.8,2,0.5,0.04,0.04,0.6,0.06,5,0.1,0,0.08,0.2,12,0.5,0.5,12,48,62,68,0.09,0.38,4.2,2,India,IFCT 2017,Kerala appam; similar to Sri Lankan hopper but slightly different recipe
IN208,Puttu,Oryza sativa / Cocos nucifera,Puttu (Ma/Ta); Pittu (Si similar),Cooked Dishes,Cooked-Recipe,100,46.5,215,900,4.5,5.2,4.42,0.42,0.14,42,1.5,1.2,0.8,2,0,0.04,0.04,0.9,0.07,5,0,0,0.05,0.2,12,0.8,0.9,20,58,85,30,0.12,0.48,4,0,India,IFCT 2017,Kerala steamed rice-flour and coconut cylinder; similar to Sri Lankan pittu
IN210,Pav Bhaji,Various,Pav bhaji (Ma/Hi),Cooked Dishes,Cooked-Recipe,100,62.8,155,649,4.5,6.2,2.55,2.38,0.82,22.8,3.2,5.5,1.8,52,18.5,0.1,0.08,1.2,0.18,28,0,0,0.85,8.8,35,1.2,0.5,22,62,318,448,0.12,0.28,2.5,12,India,IFCT 2017,Spiced mixed vegetable mash with bread; Mumbai street food
IN211,Chole Chickpea Curry,Cicer arietinum,Chole (Hi/Pu); Kadala curry (Ma/Si),Cooked Dishes,Cooked-Recipe,100,68.5,138,578,7.8,5.2,0.88,2.02,1.92,17.8,5.8,3.2,2.2,8,5.8,0.12,0.06,0.8,0.15,65,0,0,0.25,4.5,68,2.5,1.5,45,138,395,328,0.28,0.62,3.5,0,Both,IFCT 2017,Chickpea curry; also made in Sri Lanka as kadala curry
IN212,Dhokla Fermented Chickpea,Cicer arietinum,Dhokla (Gu),Cooked Dishes,Cooked-Recipe,100,58.5,148,619,6.2,5.5,0.82,2.28,1.65,25.5,1.8,3.5,1.5,5,0.5,0.08,0.06,0.8,0.08,18,0,0,0.25,2.5,32,1.5,0.5,22,85,185,488,0.15,0.42,4.5,0,India,IFCT 2017,Steamed fermented chickpea snack; low fat; Gujarati specialty
IN213,Uttapam,Oryza sativa / Vigna mungo,Uttapam (Ta/Ka/Hi),Cooked Dishes,Cooked-Recipe,100,52.5,178,745,5.8,4.5,0.68,1.85,1.55,32.5,1.5,2.5,1.2,42,12.5,0.05,0.05,0.7,0.07,12,0,0,0.1,0.5,28,0.8,0.8,18,68,125,325,0.1,0.42,5.2,2,India,IFCT 2017,Thick fermented rice-lentil pancake with vegetable toppings
IN214,Vada / Medu Vada,Vigna mungo,Medu vada (Ta/Ka); Urad vada (Hi),Cooked Dishes,Cooked-Recipe,100,42.5,248,1038,9.5,14.5,2.5,6.15,4.82,30.5,1.5,1.5,1.2,5,2.5,0.22,0.12,0.8,0.12,25,0,0,0.18,6.5,75,2.5,1.5,62,188,285,388,0.42,0.72,8.5,0,India,IFCT 2017,Deep-fried urad dal doughnut; crispy snack for South Indian breakfast
IN215,Murukku / Chakli,Oryza sativa / Urad dal,Murukku (Ta); Chakli (Ka/Ma),Cooked Dishes,Cooked-Recipe,100,5.5,498,2084,8.5,25.5,4.85,10.28,8.72,61.5,2.5,1.5,2.5,5,0.5,0.18,0.08,1.5,0.18,15,0,0,0.25,2.5,45,2.8,1.2,45,178,285,385,0.35,1.55,8.5,0,India,IFCT 2017,Crispy spiral snack; deep-fried; festival food
SL220,Thosai Kottu,Oryza sativa / Vigna mungo,Thosai kottu (Si/Ta),Cooked Dishes,Cooked-Recipe,100,55.2,182,762,6.5,5.5,1.85,2.12,0.98,28.5,1.5,2.5,1.5,25,5.5,0.05,0.08,1.2,0.1,12,0.1,0.05,0.25,2.5,28,0.8,0.8,18,85,185,388,0.1,0.42,5.5,12,Sri Lanka,2025 Sri Lanka FCT paper,Chopped dosa stir-fried with egg and vegetables; Sri Lankan street food variant
SL221,Egg Hopper (Bittara Appa),Gallus domesticus / Oryza sativa,Bittara appa (Si); Muttai appam (Ta),Cereals,Cooked-Recipe,100,52.5,205,858,6.8,6.5,4.05,1.52,0.55,31.5,0.6,2.5,1,25,0.5,0.05,0.12,0.9,0.1,15,0.3,0.1,0.28,0.5,20,0.8,0.9,14,92,108,95,0.1,0.38,8.5,75,Sri Lanka,2025 Sri Lanka FCT paper,Hopper with egg cracked inside; popular Sri Lankan breakfast
SL222,Coconut Roti with Coconut Sambol,Triticum aestivum / Cocos nucifera,Pol roti + pol sambol (Si),Cooked Dishes,Cooked-Recipe,100,40.5,320,1339,4.8,23.5,20.15,1.22,0.35,28.8,5,3.5,2.2,10,6.5,0.06,0.05,0.8,0.06,15,0,0,0.22,1.8,20,1.5,0.9,25,88,228,172,0.3,0.95,7,0,Sri Lanka,2025 Sri Lanka FCT paper,Coconut flatbread served with coconut sambol; classic Sri Lankan breakfast combo
SL223,Carrot and Pea Curry,Daucus carota / Pisum sativum,Carrot ala curry (Si),Cooked Dishes,Cooked-Recipe,100,78.5,82,343,2.8,4.2,3.58,0.38,0.12,12.5,3.2,5.5,1.2,318,8.5,0.08,0.06,0.8,0.12,28,0,0,0.45,8.5,32,0.8,0.5,18,52,255,185,0.1,0.18,0.8,0,Sri Lanka,SL FCT 2021,Carrot and pea coconut curry; high beta-carotene; common Sri Lankan home dish
SL224,Sorakka / Bottle Gourd Curry,Lagenaria siceraria,Sorakka curry (Si); Sorekai curry (Ta),Cooked Dishes,Cooked-Recipe,100,85.5,62,259,1.2,4.2,3.58,0.38,0.12,8.2,1.5,3.5,1.2,5,4.5,0.03,0.03,0.3,0.04,8,0,0,0.08,0.5,28,0.4,0.3,12,22,145,185,0.08,0.08,0.5,0,Sri Lanka,SL FCT 2021,Bottle gourd in coconut milk curry; very low calorie; cooling
SL225,Manioc Curry Coconut,Manihot esculenta,Manioc curry (Si); Maravalli kizhangu curry (Ta),Cooked Dishes,Cooked-Recipe,100,70.5,112,469,1.2,4.5,3.85,0.38,0.12,22.5,1.8,3.5,1.2,0,12.5,0.06,0.03,0.7,0.07,12,0,0,0.12,1.2,12,0.2,0.2,16,22,195,185,0.08,0.25,0.5,0,Sri Lanka,2025 Sri Lanka FCT paper,Cassava in coconut milk curry; popular Sri Lankan dish
IN220,Puri Fried Bread,Triticum aestivum,Puri (Hi); Poori (Ta/various),Cooked Dishes,Cooked-Recipe,100,22.5,338,1415,8.5,15.5,2.38,7.15,4.85,51.5,2.5,1.5,1.5,2,0,0.2,0.08,1.5,0.08,18,0,0,0.28,0.8,25,2.5,0.8,28,112,125,248,0.15,1.08,22.5,0,India,IFCT 2017,Deep-fried whole wheat bread; high calorie; festival food
IN221,Paratha Layered Flatbread,Triticum aestivum,Paratha (Hi); Parotta (Ta),Cooked Dishes,Cooked-Recipe,100,28.5,315,1318,7.8,14.5,2.22,6.28,4.85,47.5,3.5,1.5,1.5,2,0,0.18,0.08,2,0.15,22,0,0,0.35,0.8,28,2.2,1.2,55,148,168,285,0.18,1.22,28.5,0,India,IFCT 2017,Layered flatbread pan-fried with ghee or oil
IN222,Naan,Triticum aestivum,Naan (Hi/various),Cooked Dishes,Cooked-Recipe,100,32.5,275,1151,8.5,8.5,1.55,4.52,1.95,47.5,1.8,3.5,1.2,2,0,0.2,0.1,2.5,0.08,22,0,0,0.28,0.5,28,2.2,0.8,25,98,128,488,0.15,0.68,22.5,15,India,IFCT 2017,Leavened tandoor bread; slightly higher calorie than chapati
IN223,Bhature Fermented Bread,Triticum aestivum,Bhature (Hi),Cooked Dishes,Cooked-Recipe,100,25.5,352,1473,9.2,17.5,2.85,8.15,5.18,46.5,2.2,3.5,1.5,2,0,0.18,0.1,2.2,0.1,18,0,0,0.35,0.8,28,2.2,0.8,28,105,128,285,0.15,0.88,22.5,5,India,IFCT 2017,Deep-fried fermented wheat bread; eaten with chole
IN224,Pesarattu,Vigna radiata,Pesarattu (Te),Cooked Dishes,Cooked-Recipe,100,52.5,162,678,8.5,3.5,0.55,1.42,1.25,27.5,3.5,1.5,1.5,5,5.5,0.2,0.08,1.2,0.1,55,0,0,0.15,5.5,42,2.5,1.2,55,148,225,285,0.28,0.58,5.2,0,India,IFCT 2017,Green moong crepe; high protein; Andhra breakfast specialty
IN225,Pesarattu Upma Stuffed,Vigna radiata / Triticum durum,Pesarattu upma (Te),Cooked Dishes,Cooked-Recipe,100,58.5,145,607,6.5,4.8,0.82,2.08,1.52,24.2,2.8,1.5,1.5,12,5.5,0.12,0.06,1.2,0.1,35,0,0,0.2,4.5,35,1.8,0.9,35,118,192,325,0.18,0.48,5.5,0,India,IFCT 2017,Green moong crepe stuffed with upma; Andhra breakfast combo
IN226,Chettinad Chicken Curry,Gallus domesticus,Chettinad kozhi (Ta),Cooked Dishes,Cooked-Recipe,100,62.5,195,816,18.5,13.2,4.52,5.28,2.08,4.5,0.5,1.5,1.5,45,5.5,0.08,0.16,5.5,0.4,8,0.3,0.1,0.55,4.5,32,1.8,2.2,22,165,285,425,0.1,0.08,22.5,65,India,IFCT 2017,Highly spiced South Indian chicken curry; complex spice blend
IN227,Kerala Fish Curry,Various,Meen curry (Ma); Kerala fish curry,Cooked Dishes,Cooked-Recipe,100,73.2,128,536,14.2,7.5,5.55,0.95,0.42,3.8,0.5,1.5,1.8,35,5.5,0.07,0.12,4.5,0.32,8,1.5,0.8,0.58,4.5,28,0.8,0.7,22,172,285,355,0.1,0.08,32.5,42,India,IFCT 2017,Kerala fish curry in coconut milk and Kodampuli; tangy and rich
IN228,Bisi Bele Bath,Oryza sativa / Cajanus cajan,Bisi bele bath (Ka),Cooked Dishes,Cooked-Recipe,100,70.5,122,511,4.8,4.5,1.55,1.82,0.88,18.5,2.5,2.5,1.5,32,5.5,0.07,0.06,1.2,0.1,22,0,0,0.35,5.5,32,1.5,0.8,25,82,175,385,0.12,0.42,4.2,2,India,IFCT 2017,Karnataka rice-lentil-vegetable one-pot dish with ghee and spices
IN229,Hyderabadi Biryani,Oryza sativa / Various,Hyderabadi biryani (Hi/Te/Ur),Cooked Dishes,Cooked-Recipe,100,52.5,215,900,13.5,9.5,3.22,3.85,1.52,24.5,0.8,2.5,1.5,55,3.5,0.09,0.15,4.2,0.28,15,0.3,0.2,0.58,5.5,35,1.5,1.8,25,142,225,425,0.09,0.38,18.5,52,India,IFCT 2017,Dum-cooked spiced rice with meat/veg; Nizami heritage dish
IN230,Rasmalai,Bos taurus,Rasmalai (Hi/Be),Sweets,Cooked-Recipe,100,55.5,225,942,8.5,9.5,5.88,2.75,0.35,28.5,0,26.5,0.5,82,0.5,0.04,0.25,0.2,0.05,8,0.5,0.1,0.18,0.2,215,0.2,0.8,12,155,185,55,0.02,0.01,8.5,35,India,IFCT 2017,Cottage cheese rounds in sweetened milk; very high calcium; Bengali sweet
IN231,Jalebi,Triticum aestivum,Jalebi (Hi/various),Sweets,Cooked-Recipe,100,22.5,378,1582,2.5,18.5,2.88,8.48,6.08,55.5,0.8,45,1,0,0,0.08,0.06,0.8,0.04,8,0,0,0.12,0.5,10,0.5,0.2,5,18,42,18,0.05,0.08,2.8,0,India,IFCT 2017,Deep-fried fermented wheat spiral in sugar syrup; high in calories
IN232,Mysore Pak,Cicer arietinum / Ghee,Mysore pak (Ka),Sweets,Cooked-Recipe,100,4.5,535,2238,8.5,32.5,19.82,9.52,2.08,55.5,2.5,48,1.2,148,0,0.18,0.1,0.8,0.1,38,0.1,0.1,0.42,0.5,42,2.2,1.2,45,158,245,18,0.38,0.72,5.5,52,India,IFCT 2017,Chickpea flour and ghee sweet; Karnataka heritage; very rich and calorie-dense
IN233,Shakarpara,Triticum aestivum,Shakarpara (Hi/various),Sweets,Cooked-Recipe,100,5.5,458,1917,6.5,18.5,2.88,8.15,5.88,69.5,2.5,32,1,0,0,0.15,0.08,1.5,0.08,15,0,0,0.25,0.5,18,1.8,0.5,18,78,78,18,0.1,0.55,18.5,0,India,IFCT 2017,Sweet diamond-shaped fried snack; festival food
SL230,Thala Guli Sesame Ball,Sesamum indicum,Thala guli (Si); Ellu urundai (Ta),Sweets,Cooked-Recipe,100,5.8,488,2042,10.5,28.5,4.25,11.22,11.82,55.5,6.5,48,1.5,0,0,0.45,0.14,2.5,0.45,58,0,0,0.15,0,525,8.2,4.5,188,358,268,15,2.25,1.35,20.5,0,Sri Lanka,SL FCT 2021,Sesame seed and jaggery ball; high calcium and iron; traditional sweet
SL231,Aluwa Semolina Sweet,Triticum durum / Cocos nucifera,Aluwa (Si),Sweets,Cooked-Recipe,100,12.5,368,1540,5.5,8.5,7.22,0.72,0.22,73.5,1.5,62,1.5,2,0,0.15,0.05,1.2,0.05,18,0,0,0.2,0.5,28,1.2,0.5,22,78,148,18,0.12,0.35,8.5,0,Sri Lanka,SL FCT 2021,Semolina and coconut sweet; Sri Lankan festive confection
SL232,Boondi,Cicer arietinum,Boondi (Si/various); Boonthi (Ta),Sweets,Cooked-Recipe,100,8.5,428,1791,8.5,20.5,3.18,8.72,6.98,62.5,2.5,38,1.5,5,0.5,0.18,0.1,0.8,0.12,35,0,0,0.35,2.5,45,2.2,1.2,42,162,245,388,0.35,0.65,6.5,0,Both,SL FCT 2021,Deep-fried chickpea batter droplets; sweet or savory; festival snack
SL233,Rasa Kavili,Cocos nucifera / Rice flour,Rasa kavili (Si),Sweets,Cooked-Recipe,100,28.5,325,1360,3.8,12.5,10.85,0.95,0.28,55.5,1.5,45,1.2,2,0.5,0.04,0.04,0.4,0.03,10,0,0,0.12,0.2,15,1.2,0.5,15,45,148,22,0.1,0.42,3.5,0,Sri Lanka,SL FCT 2021,Steamed rice flour dumplings in coconut milk and jaggery; traditional sweet
IN240,Carrot Raw,Daucus carota,Gajar (Hi); Carrot (Ta); Karot (Si),Other Vegetables,Raw,100,88.3,41,172,0.9,0.2,0.04,0.01,0.1,9.6,2.8,4.7,1,835,5.9,0.07,0.05,1,0.14,19,0,0,0.66,13.2,33,0.3,0.2,12,35,320,69,0.05,0.14,0.1,0,Both,IFCT 2017; SL FCT 2021,Very high beta-carotene (835 碌g RAE); good fiber
IN241,Peas Green,Pisum sativum,Matar (Hi); Pattani (Ta); Rata ala (Si),Other Vegetables,Raw,100,78.9,81,339,5.4,0.4,0.07,0.04,0.19,14.5,5.1,5.7,0.9,38,40,0.27,0.13,2.1,0.18,65,0,0,0.13,24.8,25,1.5,1.2,33,108,244,5,0.18,0.41,1.8,0,Both,IFCT 2017,Good folate and vitamin C; high fiber legume-vegetable
IN242,Cauliflower,Brassica oleracea botrytis,Phool gobhi (Hi); Cauliflower (Ta),Other Vegetables,Raw,100,92.5,25,105,1.9,0.3,0.04,0.02,0.14,5,2.5,1.9,0.8,0,48.2,0.05,0.06,0.5,0.19,57,0,0,0.08,15.5,22,0.4,0.3,15,44,299,30,0.04,0.15,0.6,0,Both,IFCT 2017,High vitamin C; good folate; glucosinolates
IN243,Cabbage,Brassica oleracea,Patta gobhi (Hi); Muttaikose (Ta); Gova (Si),Other Vegetables,Raw,100,92.2,25,105,1.3,0.1,0.01,0.01,0.07,5.8,2.5,3.2,0.6,5,36.6,0.06,0.04,0.3,0.12,43,0,0,0.15,76,40,0.5,0.2,12,26,170,18,0.02,0.16,0.3,0,Both,IFCT 2017; SL FCT 2021,High vitamin C and K; low calorie; versatile vegetable
IN244,Cucumber,Cucumis sativus,Kheera (Hi); Vellarikkai (Ta); Pipiniya (Si),Other Vegetables,Raw,100,96.7,13,54,0.7,0.1,0.02,0.01,0.04,2.2,0.5,1.7,0.4,2,2.8,0.03,0.02,0.1,0.05,7,0,0,0.03,16.4,16,0.3,0.2,13,24,147,2,0.08,0.08,0.3,0,Both,IFCT 2017; SL FCT 2021,Very low calorie; hydrating; good potassium
IN245,Green Papaya,Carica papaya,Kachha papita (Hi); Pappali (Ta); Papayi (Si),Other Vegetables,Raw,100,89.5,30,126,0.5,0.1,0.02,0.02,0.03,8.2,1.8,2.5,0.6,18,61.8,0.05,0.03,0.3,0.1,38,0,0,0.3,1.8,24,0.3,0.08,10,10,182,8,0.03,0.02,0.4,0,Both,IFCT 2017,Used as vegetable when unripe; high vitamin C; papain enzyme
IN246,Drumstick Moringa Pod Cooked,Moringa oleifera,Murunga (Si); Murungakkai (Ta),Other Vegetables,Cooked-Boiled,100,90.5,28,117,2,0.1,0.02,0.03,0.04,7.2,2.8,3.2,1.1,2,108,0.04,0.06,0.5,0.12,38,0,0,0.3,38,28,0.28,0.38,38,42,388,38,0.07,0.22,0.7,0,Both,IFCT 2017,Cooked drumstick pods eaten by scraping flesh; moderate nutrients retained
IN247,Bitter Gourd Stuffed,Momordica charantia,Bharwa karela (Hi),Cooked Dishes,Cooked-Recipe,100,72.5,145,607,3.5,9.5,1.45,4.25,3.25,15.5,4.5,5.8,2.2,85,35.5,0.06,0.06,0.8,0.06,42,0,0,1.45,8.5,28,0.8,0.8,18,48,285,285,0.1,0.15,0.5,0,India,IFCT 2017,Bitter gourd stuffed with spiced filling; pan-fried
IN248,Methi Thepla,Trigonella foenum-graecum / Triticum aestivum,Methi thepla (Gu),Cooked Dishes,Cooked-Recipe,100,26.5,295,1234,9.5,10.5,1.62,4.85,3.52,48.5,5.8,2.5,2.2,88,42.5,0.32,0.25,2.8,0.28,82,0,0,1.2,12.5,105,5.5,0.8,58,168,388,285,0.32,1.55,8.5,0,India,IFCT 2017,Fenugreek and whole wheat flatbread; very high iron and vitamin C
IN249,Aloo Gobi,Solanum tuberosum / Brassica oleracea,Aloo gobi (Hi),Cooked Dishes,Cooked-Recipe,100,76.5,98,410,2.5,4.8,0.72,2.05,1.68,15.5,3.2,4.5,1.2,18,35.5,0.08,0.06,1.2,0.18,28,0,0,0.52,8.5,25,0.8,0.5,18,55,378,185,0.1,0.18,0.8,0,India,IFCT 2017,Dry potato and cauliflower curry; common North Indian side dish
IN250,Saag Sarson Ka Saag,Brassica juncea,Saag (Hi/Pu); Sarson saag (Hi),Cooked Dishes,Cooked-Recipe,100,84.5,78,326,4.5,4.5,0.72,1.88,1.55,8.2,3.5,1.5,2.5,425,52.5,0.12,0.28,1.2,0.22,92,0,0,2.2,285,155,3.5,0.5,45,72,285,185,0.18,0.55,2.5,12,India,IFCT 2017,Mustard greens cooked with butter; very high beta-carotene and vitamin K; Punjab winter dish
IN251,Dum Aloo,Solanum tuberosum,Dum aloo (Hi/Ka),Cooked Dishes,Cooked-Recipe,100,69.5,142,594,3.2,7.5,1.12,3.25,2.52,18.5,2.5,5.5,1.8,35,12.5,0.1,0.06,1.5,0.22,18,0,0,0.65,5.5,28,0.8,0.4,18,62,328,285,0.12,0.18,0.8,0,India,IFCT 2017,Potato cooked in yogurt-spice gravy; Kashmiri style
SL240,Mango Curry (Amba Curry),Mangifera indica,Amba curry (Si); Mango curry (Ta),Cooked Dishes,Cooked-Recipe,100,72.5,118,494,1.5,7.5,6.48,0.62,0.18,17.5,2.5,12.5,1.2,165,22.5,0.08,0.06,0.6,0.14,22,0,0,0.95,4.8,18,0.5,0.2,12,22,185,225,0.1,0.1,0.8,0,Sri Lanka,2025 Sri Lanka FCT paper,Ripe mango cooked in coconut milk; sweet-tangy curry; high beta-carotene
SL241,Pineapple Curry (Annasi),Ananas comosus,Annasi curry (Si); Annasi curry (Ta),Cooked Dishes,Cooked-Recipe,100,74.2,112,469,1.2,7.5,6.48,0.58,0.18,15.5,1.8,10.5,1.5,8,22.5,0.08,0.04,0.5,0.12,12,0,0,0.06,0.8,18,0.4,0.2,15,18,148,185,0.12,0.88,0.5,0,Sri Lanka,2025 Sri Lanka FCT paper,Pineapple cooked in spiced coconut milk; unusual sweet-savory curry
SL242,Jak Seed Curry,Artocarpus heterophyllus,Kos ata curry (Si),Cooked Dishes,Cooked-Recipe,100,74.5,102,427,2.8,4.5,3.88,0.38,0.12,16.8,1.8,1.5,1.2,2,5.5,0.12,0.06,1.1,0.1,10,0,0,0.2,0.8,22,0.6,0.5,22,68,188,185,0.12,0.42,1.2,0,Sri Lanka,2025 Sri Lanka FCT paper,Jackfruit seeds cooked in coconut milk curry; good starch and protein
SL243,Gotukola Kiribath,Centella asiatica / Oryza sativa,Gotukola kiribath (Si),Cooked Dishes,Cooked-Recipe,100,52.5,195,816,4.2,7.2,6.12,0.52,0.18,32.5,0.5,2.5,0.8,195,4.5,0.05,0.08,0.8,0.08,52,0.1,0,0.55,90,22,0.5,0.8,14,52,85,45,0.12,0.48,4.5,3,Sri Lanka,2025 Sri Lanka FCT paper,Milk rice with gotukola herb incorporated; green nutritious kiribath variant
IN260,Sprouts Mung Bean,Vigna radiata,Moong sprouts (Hi); Mulaipayiru (Ta),Pulses,Raw,100,92.8,30,126,3.1,0.2,0.04,0.03,0.08,5.9,1.8,4.1,0.6,2,13.2,0.08,0.13,0.5,0.09,61,0,0,0.1,2.8,13,0.9,0.4,21,54,149,6,0.16,0.19,0.8,0,Both,IFCT 2017,Sprouting triples vitamin C; reduces antinutrients; high digestibility
IN261,Sprouted Chickpea,Cicer arietinum,Sprouted chana (Hi); Mulai kadalai (Ta),Pulses,Raw,100,73.5,105,440,6.5,2.2,0.22,0.52,0.98,19.5,6.8,4.5,1.5,5,8.5,0.2,0.08,0.8,0.18,145,0,0,0.15,3.8,52,2.5,1.5,48,128,285,12,0.35,0.78,3.2,0,India,IFCT 2017,Sprouted chickpea; higher vitamin C than unsprouted; reduces antinutrients
IN262,Black Sesame Seeds,Sesamum indicum,Kala til (Hi); Karuppu ellu (Ta); Kal thala (Si),Nuts & Oilseeds,Raw,100,4.5,582,2435,18.5,52.8,7.45,20.12,23.05,23.5,12.5,0.3,4.8,0,0,0.82,0.26,4.8,0.82,100,0,0,0.28,0,1030,15.5,8.2,365,645,488,12,4.25,2.58,36.5,0,Both,IFCT 2017,Slightly higher calcium and iron than white sesame; strong nutty flavor
IN263,Coconut Desiccated,Cocos nucifera,Sukha nariyal (Hi); Kobbari (Te); Pol piti (Si),Nuts & Oilseeds,Raw,100,3,592,2477,5.6,57.8,51.22,2.46,0.62,24.8,15.2,10.8,1.8,0,1.5,0.05,0.02,0.5,0.3,26,0,0,0.38,0.2,26,3.8,2.2,90,206,543,37,0.72,2.55,18.2,0,Sri Lanka,SL FCT 2021,Dried grated coconut; concentrated MCT fats; high fiber
IN264,Almond,Prunus dulcis,Badam (Hi); Vadumai (Ta); Badam (Si),Nuts & Oilseeds,Raw,100,4.4,579,2423,21.2,49.9,3.73,31.55,12.33,21.7,12.5,3.9,2.8,0,0,0.24,1.14,3.6,0.14,44,0,0,25.63,0,264,3.7,3.1,270,481,733,1,1.03,2.18,2.8,0,India,IFCT 2017,Very high vitamin E (25.6 mg); good protein; healthy fats; high calcium
IN265,Walnut,Juglans regia,Akhrot (Hi); Akrottu (Ta),Nuts & Oilseeds,Raw,100,3.5,654,2736,15.2,65.2,6.13,8.93,47.17,13.7,6.7,2.6,1.8,1,1.3,0.34,0.15,1.1,0.54,98,0,0,0.7,2.7,98,2.9,3.1,158,346,441,2,1.59,3.41,4.9,0,India,IFCT 2017,Highest omega-3 nut (ALA); good folate and B6; antioxidant polyphenols
IN266,Pistachio,Pistacia vera,Pista (Hi/various),Nuts & Oilseeds,Raw,100,3.9,560,2343,20.2,45.3,5.91,23.82,13.45,27.2,10.6,7.7,3.1,26,5.6,0.87,0.16,1.4,1.7,51,0,0,2.86,13.2,105,3.9,2.2,121,490,1025,1,1.3,1.24,7,0,India,IFCT 2017,High B6 (1.7 mg) and potassium; complete protein profile
IN267,Watermelon,Citrullus lanatus,Tarbooz (Hi); Tharboosani (Ta); Komarika (Si),Fruits,Raw,100,91.5,30,126,0.6,0.2,0.02,0.04,0.07,7.6,0.4,6.2,0.3,28,8.1,0.03,0.02,0.2,0.05,3,0,0,0.05,0.1,7,0.2,0.1,10,11,112,1,0.04,0.04,0.4,0,Both,IFCT 2017,Lycopene-rich; very high water content; citrulline amino acid
IN268,Grapes Black,Vitis vinifera,Kale angoor (Hi); Kodi pazham (Ta),Fruits,Raw,100,80.5,62,259,0.6,0.4,0.13,0.01,0.12,17.2,0.9,16.3,0.4,3,10.8,0.06,0.07,0.2,0.08,2,0,0,0.19,14.6,14,0.4,0.1,5,10,191,1,0.13,0.07,0.1,0,India,IFCT 2017,Resveratrol polyphenol; moderate potassium; natural sugars
IN269,Apple,Malus domestica,Seb (Hi); Apple (Ta); Apple (Si),Fruits,Raw,100,85.9,50,209,0.3,0.2,0.03,0.01,0.05,13.8,2.4,10.4,0.2,3,4.6,0.02,0.03,0.1,0.04,3,0,0,0.18,2.2,6,0.1,0.04,5,11,107,1,0.03,0.03,0,0,Both,IFCT 2017,Quercetin in skin; prebiotic pectin fiber; low glycemic
IN270,Avocado,Persea americana,Makhanfal (Hi); Avocado (various),Fruits,Raw,100,73.2,160,670,2,14.7,2.13,9.8,1.82,8.5,6.7,0.7,1.8,7,10,0.07,0.13,1.7,0.28,81,0,0,2.07,21,12,0.6,0.64,29,52,485,7,0.19,0.14,0.4,0,Both,IFCT 2017,Very high MUFA and folate; unique fatty fruit; good potassium
SL250,Areca Nut / Betel Nut,Areca catechu,Puwak (Si); Pakku (Ta),Other,Raw,100,12.5,382,1599,6.1,8.8,3.45,1.22,0.62,35.5,25.8,0,2.5,0,0,0.08,0.12,1.5,0.08,22,0,0,0.52,0.5,442,7.5,0.9,105,112,1025,28,1.25,2.15,0.8,0,Sri Lanka,SL FCT 2021,Traditional masticatory; high calcium and tannins; important cultural food item
SL251,Betel Leaf,Piper betle,Bulath (Si); Vetrilai (Ta),Other,Raw,100,85.5,44,184,3.1,0.8,0.18,0.12,0.28,6.5,2.3,0.5,2.5,12,98.5,0.12,0.28,0.8,0.2,22,0,0,2.5,395,230,7.5,0.8,22,42,455,45,0.28,1.55,0.5,0,Sri Lanka,SL FCT 2021,Chewed with areca nut; very high vitamin C and calcium; antimicrobial compounds